slug,name,appcatalog_url,source_origin,installomator_label,installer_type,fma_eligible,source_class,source_detail,version_method,team_id,pkg_receipt,blocking_processes,paid_or_gated,bucket,source_confidence
1piece,1Piece,https://appcatalog.cloud/apps/1piece,autopkg,,,,sparkle/feed,app1piece.com,,,,,,autopkg-sourced-format-tbd,high
2do,2Do,https://appcatalog.cloud/apps/2do,web-research,,,no,mas,Mac App Store (com.guidedways.TodoMac),,,,,,ineligible-mas-only,low
a-zippr,A Zippr,https://appcatalog.cloud/apps/a-zippr,web-research,,,review,,,,,,,,review: Mac App Store only (apps.apple.com/app/id1434280883); vendor zippr.app / appyogi.com link ,high
accents,Accents,https://appcatalog.cloud/apps/accents,autopkg,,,,dynamic-scrape,tars.mahdi.jp,,,,,,autopkg-sourced-format-tbd,high
achico,Achico,https://appcatalog.cloud/apps/achico,web-research,,zip,yes,github,repo=nuance-dev/achico;asset=Achico.app.zip,github_tag,,,,,in-registry,high
acoustica,Acoustica,https://appcatalog.cloud/apps/acoustica,web-research,,pkg,review,direct,acondigital.com,,,,,,"review: Acon Digital Acoustica (v7.7.8, bundle com.AconDigital.Acoustica). Reason: gated",med
acronis-cyber-protect-connect-client,Acronis Cyber Protect Connect Client,https://appcatalog.cloud/apps/acronis-cyber-protect-connect-client,web-research,,dmg,review,vendor,acronis.com / nulana Remotix,,,,,,web-sourced-review,low
adobe-acrobat,Adobe Acrobat,https://appcatalog.cloud/apps/adobe-acrobat,web-research,,pkg,review,vendor,adobe.com (Creative Cloud / enterprise),,,,,,web-sourced-review,low
adobe-acrobat-cleaner-tool,Adobe Acrobat Cleaner Tool,https://appcatalog.cloud/apps/adobe-acrobat-cleaner-tool,web-research,,dmg,yes,direct,adobe.com (standalone cleaner),,,,,,web-sourced,low
adobe-dynamic-media-classic,Adobe Dynamic Media Classic,https://appcatalog.cloud/apps/adobe-dynamic-media-classic,web-research,,pkg,review,vendor,adobe.com (enterprise/Scene7),,,,,,web-sourced-review,low
adobe-remote-update-manager,Adobe Remote Update Manager,https://appcatalog.cloud/apps/adobe-remote-update-manager,autopkg,,,,dynamic-scrape,deploymenttools.acp.adobeoobe.com,,,,,,autopkg-sourced-format-tbd,high
adobe-uninstaller,Adobe Uninstaller,https://appcatalog.cloud/apps/adobe-uninstaller,autopkg,,,,dynamic-scrape,deploymenttools.acp.adobeoobe.com,,,,,,autopkg-sourced-format-tbd,high
agenda,Agenda,https://appcatalog.cloud/apps/agenda,web-research,,dmg,review,direct,agenda.com,,,,,,review: Agenda by Momenta B.V. Reason: mas-only. agenda.com offers only the Mac App Stor,med
air,Air,https://appcatalog.cloud/apps/air,autopkg,,,,sparkle/feed,plugins.jetbrains.com,,,,,,autopkg-sourced-format-tbd,high
airbattery,AirBattery,https://appcatalog.cloud/apps/airbattery,web-research,,dmg,yes,github,lihaoyun6/AirBattery,github_latest,,,,,in-registry,high
aircall-workspace,Aircall Workspace,https://appcatalog.cloud/apps/aircall-workspace,autopkg,,,,dynamic-scrape,electron.aircall.io,,,,,,autopkg-sourced-format-tbd,high
airradar,Airradar,https://appcatalog.cloud/apps/airradar,web-research,,dmg,yes,direct,koingosw.com,,,,,,in-registry,med
airtime,Airtime,https://appcatalog.cloud/apps/airtime,autopkg,,,,dynamic-scrape,updates.airtimetools.com,,,,,,autopkg-sourced-format-tbd,high
akvis-airbrush,Akvis Airbrush,https://appcatalog.cloud/apps/akvis-airbrush,web-research,,dmg,yes,direct,akvis.com,,,,,,in-registry,med
akvis-artifact-remover-ai,Akvis Artifact Remover Ai,https://appcatalog.cloud/apps/akvis-artifact-remover-ai,web-research,,dmg,yes,direct,akvis.com,,,,,,in-registry,med
akvis-frames,Akvis Frames,https://appcatalog.cloud/apps/akvis-frames,web-research,,dmg,yes,direct,akvis.com,,,,,,in-registry,med
alarm-clock-pro,Alarm Clock Pro,https://appcatalog.cloud/apps/alarm-clock-pro,web-research,,dmg,yes,direct,koingosw.com,,,,,,in-registry,med
alexsidebar,Alexsidebar,https://appcatalog.cloud/apps/alexsidebar,web-research,,,review,,,,,,,,"review: Discontinued: vendor alexcodes.app banner ""Downloads stopped on October 1st"" and ""We've jo",high
alivecolors,Alivecolors,https://appcatalog.cloud/apps/alivecolors,web-research,,dmg,yes,direct,akvis.com,,,,,,in-registry,med
amazon-appstream-20,Amazon Appstream 20,https://appcatalog.cloud/apps/amazon-appstream-20,autopkg,,,,sparkle/feed,clients.amazonappstream.com,,,,,,autopkg-sourced-format-tbd,high
amazon-corretto-11,Amazon Corretto 11,https://appcatalog.cloud/apps/amazon-corretto-11,installomator,amazoncorretto11jdk,pkg,review,unknown,,,,,,,review: duplicate of existing Homebrew cask corretto@11,high
amazon-corretto-17,Amazon Corretto 17,https://appcatalog.cloud/apps/amazon-corretto-17,installomator,amazoncorretto17jdk,pkg,review,unknown,,,,,,,review: duplicate of existing Homebrew cask corretto@17,high
amazon-corretto-21,Amazon Corretto 21,https://appcatalog.cloud/apps/amazon-corretto-21,installomator,amazoncorretto21jdk,pkg,review,unknown,,,,,,,review: duplicate of existing Homebrew cask corretto@21,high
amazon-corretto-22,Amazon Corretto 22,https://appcatalog.cloud/apps/amazon-corretto-22,installomator,amazoncorretto22jdk,pkg,review,unknown,https://corretto.aws/downloads/resources/22.0.2.9.1/amazon-corretto-22.0.2.9.1-macosx-{x64,,,,,,review: EOL/non-LTS; Homebrew dropped corretto@22. Download exists arch-split: https://c,high
amazon-corretto-8,Amazon Corretto 8,https://appcatalog.cloud/apps/amazon-corretto-8,installomator,amazoncorretto8jdk,pkg,review,unknown,,,,,,,review: duplicate of existing Homebrew cask corretto@8,high
amnesia,Amnesia,https://appcatalog.cloud/apps/amnesia,web-research,,,review,,,,,,,,"review: Gumroad pay-what-you-want, email/checkout-gated download (goodsnooze.gumroad.com/l/amnesia",med
anaconda-navigator,Anaconda Navigator,https://appcatalog.cloud/apps/anaconda-navigator,installomator,anaconda,pkg,review,direct,repo.anaconda.com,"$( awk -F'-' '{print $2}' <<< ""$archiveName"" )",Z5788K4JT7,com.anaconda.io,"( ""Anaconda-Navigator.app"" )",,review: Reason: duplicate. Anaconda Navigator is not a standalone installer; it ships in,high
anka,Anka,https://appcatalog.cloud/apps/anka,web-research,,pkg,review,direct,veertu.com/downloads/anka-virtualization-latest,,,,,,review: Reason: exists. 'anka' resolves to Anka Virtualization (veertu-latest redirects ,high
apache-netbeans-15,Apache Netbeans 15,https://appcatalog.cloud/apps/apache-netbeans-15,installomator,apachenetbeans,pkg,review,github,Friends-of-Apache-NetBeans/netbeans-installers,"$(curl -sLI ""https://github.com/Friends-of-Apache-NetBeans/netbeans-installers/releases/latest"" | grep -i ""^location"" | tr ""/"" ""\n"" | tail -1 | sed -E 's/v([0-9]+).*/\1/')",44YNN9Q525,,,,review: Reason: exists. The Friends-of-Apache-NetBeans/netbeans-installers repo is alrea,high
api-utility,Api Utility,https://appcatalog.cloud/apps/api-utility,web-research,,zip,yes,github,repo=Jamf-Concepts/apiutil;asset=API.Utility.zip,github_tag,,,,,in-registry,high
app-cleaner-and-uninstaller,App Cleaner And Uninstaller,https://appcatalog.cloud/apps/app-cleaner-and-uninstaller,installomator,appcleaner,zip,review,sparkle/feed,freemacsoft.net,"$(curl -fsL ""https://freemacsoft.net/appcleaner/Updates.xml"" | xpath '//rss/channel/item[last()]/enclosure/@sparkle:shortVersionString' 2>/dev/null  | cut -d '""' -f 2)",X85ZX835W9,,,,"review: Reason: exists. Slug/name match Nektony ""App Cleaner & Uninstaller"" already ship",high
appcode,Appcode,https://appcatalog.cloud/apps/appcode,autopkg,,,,dynamic-scrape,,,,,,,autopkg-sourced-format-tbd,high
appdelete,Appdelete,https://appcatalog.cloud/apps/appdelete,web-research,,,no,,,,,,,,ineligible: Developer (Reggie Ashworth) deceased 2017; official site reggieashworth.com now redirects ,
appgate-sdp,Appgate Sdp,https://appcatalog.cloud/apps/appgate-sdp,web-research,,dmg,review,vendor,appgate.com (portal-gated),,,,,yes,web-sourced-review,low
arcade,Arcade,https://appcatalog.cloud/apps/arcade,autopkg,,,,dynamic-scrape,app.arcade.software,,,,,,autopkg-sourced-format-tbd,high
arclite-pro,Arclite Pro,https://appcatalog.cloud/apps/arclite-pro,web-research,,dmg,yes,vendor,https://etheriar.com/apps/Arclite+Pro.dmg,custom,,,,,custom: needs resolver,high
atera-agent,Atera Agent,https://appcatalog.cloud/apps/atera-agent,web-research,,pkg,review,vendor,atera.com (console-gated agent),,,,,,web-sourced-review,low
atlassian-companion,Atlassian Companion,https://appcatalog.cloud/apps/atlassian-companion,installomator,atlassiancompanion,zip,yes,dynamic-scrape,confluence.atlassian.com,"$(getJSONValue ""$(curl -fsL https://update-nucleus.atlassian.com/Atlassian-Companion/291cb34fe2296e5fb82b83a04704c9b4/darwin/x64/RELEASES.json)"" ""currentRelease"" )",UPXU4CQZ5P,,,,in-registry,high
audiolava,Audiolava,https://appcatalog.cloud/apps/audiolava,web-research,,,review,,https://acondigital.com/software/AudioLava_OSX_2_0_2.pkg.zip,,,,,,review: No current public versioned URL. Acon Digital download portal (acondigital.com/downloads -,med
automounter,Automounter,https://appcatalog.cloud/apps/automounter,installomator,automounter,dmg,yes,direct,www.pixeleyes.co.nz,"""$( curl -fs https://www.pixeleyes.co.nz/automounter/version )""",UKWABN4MGL,,,,in-registry,high
avaya-cloud,Avaya Cloud,https://appcatalog.cloud/apps/avaya-cloud,web-research,,,review,,,,,,,,review: Login/tenant-gated UCaaS (RingCentral-rebranded Avaya Cloud Office). Desktop via ringcentr,high
avid-link,Avid Link,https://appcatalog.cloud/apps/avid-link,web-research,,,review,,,,,,,,review: Login-gated. Installer fetched via my.avid.com (account) / Download Center; avid.com/produ,med
aws-cli,Aws Cli,https://appcatalog.cloud/apps/aws-cli,installomator,awscli2,pkg,yes,direct,awscli.amazonaws.com,"$( curl -fs ""https://raw.githubusercontent.com/aws/aws-cli/v2/CHANGELOG.rst"" | grep -i ""CHANGELOG"" -a4 | grep ""[0-9.]"" )",94KV3E626L,com.amazon.aws.cli2,,,in-registry,high
azul-zulu-jdk-11,Azul Zulu Jdk 11,https://appcatalog.cloud/apps/azul-zulu-jdk-11,installomator,zulujdk11,pkgInDmg,review,dynamic-scrape,cdn.azul.com,"$(echo ""$downloadURL"" | cut -d ""-"" -f 1 | sed -e ""s/.*zulu//"") # Cannot be compared to anything",TDTHCUPYFR,com.azulsystems.zulu.11,,,review: duplicate of existing Homebrew cask zulu@11,high
azul-zulu-jdk-17,Azul Zulu Jdk 17,https://appcatalog.cloud/apps/azul-zulu-jdk-17,installomator,zulujdk17,pkgInDmg,review,dynamic-scrape,cdn.azul.com,"$(echo ""$downloadURL"" | cut -d ""-"" -f 1 | sed -e ""s/.*zulu//"") # Cannot be compared to anything",TDTHCUPYFR,com.azulsystems.zulu.17,,,review: duplicate of existing Homebrew cask zulu@17,high
azul-zulu-jdk-21,Azul Zulu Jdk 21,https://appcatalog.cloud/apps/azul-zulu-jdk-21,installomator,zulujdk21,pkgInDmg,review,dynamic-scrape,cdn.azul.com,"$(echo ""$downloadURL"" | cut -d ""-"" -f 1 | sed -e ""s/.*zulu//"" | sed 's/jdk//') ",TDTHCUPYFR,com.azulsystems.zulu.21,,,review: duplicate of existing Homebrew cask zulu@21,high
azul-zulu-jdk-22,Azul Zulu Jdk 22,https://appcatalog.cloud/apps/azul-zulu-jdk-22,web-research,,,review,,https://cdn.azul.com/zulu/bin/zulu22.32.15-ca-jdk22.0.2-macosx_aarch64.dmg,,,,,,review: non-LTS; Homebrew zulu casks are LTS-only (zulu tracks latest) | Verified live 200 both ar,high
azul-zulu-jdk-24,Azul Zulu Jdk 24,https://appcatalog.cloud/apps/azul-zulu-jdk-24,web-research,,,review,,https://cdn.azul.com/zulu/bin/zulu24.32.13-ca-jdk24.0.2-macosx_aarch64.dmg,,,,,,review: non-LTS; zulu cask already tracks the latest JDK | Verified live 200: https://cdn.azul.com,high
azul-zulu-jdk-8,Azul Zulu Jdk 8,https://appcatalog.cloud/apps/azul-zulu-jdk-8,installomator,zulujdk8,pkgInDmg,review,dynamic-scrape,cdn.azul.com,"$(echo ""$downloadURL"" | cut -d ""-"" -f 1 | sed -e ""s/.*zulu//"" | sed 's/jdk//') ",TDTHCUPYFR,com.azulsystems.zulu.8,,,review: duplicate of existing Homebrew cask zulu@8,high
backgrounds,Backgrounds,https://appcatalog.cloud/apps/backgrounds,installomator,backgrounds,pkg,yes,github,SAP/backgrounds,"""$(versionFromGit SAP backgrounds)""",7R5ZEU67FQ,,,,in-registry,high
bananotate,Bananotate,https://appcatalog.cloud/apps/bananotate,web-research,,,review,,,,,,,,"review: No verifiable public direct download. bananotate.com is a JS SPA: /download, /Bananotate.d",med
barcode-producer,Barcode Producer,https://appcatalog.cloud/apps/barcode-producer,web-research,,zip,yes,direct,https://download.barcodeproducer.com/Barcode-Producer-{v}.zip,direct,,,,,in-registry,high
barcode-studio,Barcode Studio,https://appcatalog.cloud/apps/barcode-studio,web-research,,pkgInZip,yes,vendor,https://www.tec-it.com/download/Unix/Mac-OS/bcstudio-17.2.0.32089-mac-12.0-arm64.pkg.zip,custom,,,,,custom: needs resolver,high
bartranslate,Bartranslate,https://appcatalog.cloud/apps/bartranslate,web-research,,zip,yes,github,repo=ThijmenDam/BarTranslate;asset=BarTranslate.app.zip,github_tag,,,,,in-registry,high
batchphoto,Batchphoto,https://appcatalog.cloud/apps/batchphoto,web-research,,,review,,,,,,,,review: Direct dmg http(s)://www.batchphoto.com/download/batchphoto.dmg returns 403 Forbidden even,high
battery-toolkit,Battery Toolkit,https://appcatalog.cloud/apps/battery-toolkit,autopkg,,,,github,mhaeuser/Battery-Toolkit,,,,,,autopkg-sourced-format-tbd,high
beam-studio,Beam Studio,https://appcatalog.cloud/apps/beam-studio,installomator,beamstudio,dmg,yes,dynamic-scrape,id.flux3dp.com,"""$( echo ""$downloadURL"" | cut -d '+' -f 3 | cut -d '.' -f 1-3 )""",4Y92JWKV94,,,,custom: needs resolver,high
bimcollab-zoom,Bimcollab Zoom,https://appcatalog.cloud/apps/bimcollab-zoom,web-research,,dmg,yes,vendor,https://bimcollab.com/download/ZOOM/MAC,custom,,,,,custom: needs resolver,high
bitcomet,Bitcomet,https://appcatalog.cloud/apps/bitcomet,web-research,,,review,,,,,,,,"review: No stable/derivable public versioned URL. Official macOS download (current v2.20.0, BitCom",med
blink-eye,Blink Eye,https://appcatalog.cloud/apps/blink-eye,web-research,,dmg,yes,vendor,https://github.com/nomandhoni-cs/blink-eye/releases/download/v2.7.6/Blink.Eye_2.7.6_aarch6,custom,,,,,custom: needs resolver,high
boring-notch,Boring Notch,https://appcatalog.cloud/apps/boring-notch,web-research,,dmg,yes,github,repo=TheBoredTeam/boring.notch;asset=boringNotch.dmg,github_tag,,,,,in-registry,high
boundary,Boundary,https://appcatalog.cloud/apps/boundary,web-research,,dmg,yes,vendor,https://releases.hashicorp.com/boundary-desktop/2.6.0/boundary-desktop_2.6.0_darwin_arm64.,custom,,,,,custom: needs resolver,high
boxshot-5,Boxshot 5,https://appcatalog.cloud/apps/boxshot-5,web-research,,,no,,,,,,,,ineligible: Commercial paid app (Appsforlife). Download links route through account portal id.appsforl,
brackets,Brackets,https://appcatalog.cloud/apps/brackets,autopkg,,,,github,brackets-cont/brackets,,,,,,autopkg-sourced-format-tbd,high
brewer-x,Brewer X,https://appcatalog.cloud/apps/brewer-x,web-research,,,no,,,,,,,,"ineligible: Paid app ($29 one-time, Panini House). Download gated behind purchase at panini.house/brew",
brewmate,Brewmate,https://appcatalog.cloud/apps/brewmate,web-research,,dmg,yes,github,repo=romankurnovskii/BrewMate;asset=BrewMate-{v}-universal.dmg,github_tag,,,,,in-registry,high
brosix,Brosix,https://appcatalog.cloud/apps/brosix,installomator,brosix,pkg,yes,direct,www.brosix.com,"""""",TA6P23NW8H,,,,in-registry,high
buhocleaner,Buhocleaner,https://appcatalog.cloud/apps/buhocleaner,autopkg,,,,sparkle/feed,www.drbuho.com,,,,,,autopkg-sourced-format-tbd,high
buhontfs,Buhontfs,https://appcatalog.cloud/apps/buhontfs,web-research,,dmg,yes,vendor,https://www.drbuho.com/download/buhontfs.dmg,custom,,,,,custom: needs resolver,high
caesium-image-compressor,Caesium Image Compressor,https://appcatalog.cloud/apps/caesium-image-compressor,web-research,,dmg,yes,github,repo=Lymphatus/caesium-image-compressor;asset=caesium-image-compressor-{v}-macos.dmg,github_tag,,,,,in-registry,high
cakebrew,Cakebrew,https://appcatalog.cloud/apps/cakebrew,installomator,cakebrew,zip,yes,sparkle/feed,www.cakebrew.com,"$( curl -fsL ""https://www.cakebrew.com/appcast/profileInfo.php"" | xpath '//rss/channel/item[1]/enclosure/@sparkle:shortVersionString' 2>/dev/null | cut -d '""' -f 2 )",R85D3K8ATT,,,,in-registry,high
canister,Canister,https://appcatalog.cloud/apps/canister,web-research,,dmg,yes,vendor,https://hedge.video/download/canister/macos,custom,,,,,custom: needs resolver,high
capture-one,Capture One,https://appcatalog.cloud/apps/capture-one,installomator,captureone,dmg,yes,sparkle/feed,https://downloads.captureone.pro/d/mac/5b34e26779686357603e50d52e700a0b4b946199/CaptureOne,"$(echo ""${downloadURL}"" | sed -E 's/.*Mac\.([0-9.]+)\.dmg/\1/')",5WTDB5F65L,,,yes,custom: needs resolver,high
cascable-pro-webcam,Cascable Pro Webcam,https://appcatalog.cloud/apps/cascable-pro-webcam,web-research,,zip,yes,vendor,https://cascable.se/pro-webcam/CascableProWebcam-Latest.zip,custom,,,,,custom: needs resolver,high
catalog,Catalog,https://appcatalog.cloud/apps/catalog,web-research,,,review,,,,,,,,review: Root3 App Catalog client (nl.root3.catalog) - the commercial patch-management agent behind,med
catalyst-browse,Catalyst Browse,https://appcatalog.cloud/apps/catalyst-browse,autopkg,,,,dynamic-scrape,support.d-imaging.sony.co.jp,,,,,,autopkg-sourced-format-tbd,high
cato-client,Cato Client,https://appcatalog.cloud/apps/cato-client,installomator,catoclient,pkg,yes,direct,clientdownload.catonetworks.com,"$(curl -Ls -o /dev/null -w %{url_effective} ""${downloadURL}"" | sed -E 's/.*\/([0-9.]*)\/.*/\1/g' | awk -F '.' '{print $1 ""."" $2 ""."" $3}')",CKGSB8CH43,,"( ""CatoClient"" ""CatoClientExtension"" )",yes,custom: needs resolver,high
changes,Changes,https://appcatalog.cloud/apps/changes,autopkg,,,,sparkle/feed,bitbq_changes.s3.amazonaws.com,,,,,,autopkg-sourced-format-tbd,high
chatkit,Chatkit,https://appcatalog.cloud/apps/chatkit,web-research,,dmg,yes,vendor,https://github.com/egoist/chatkit-releases/releases/download/v0.2.16/ChatKit_0.2.16_aarch6,custom,,,,,custom: needs resolver,high
chromebuddy,Chromebuddy,https://appcatalog.cloud/apps/chromebuddy,web-research,,zip,yes,github,repo=AndreyGr/ChromeBuddy;asset=ChromeBuddy.zip,github_tag,,,,,in-registry,med
cisco-audio-device,Cisco Audio Device,https://appcatalog.cloud/apps/cisco-audio-device,web-research,,pkg,yes,vendor,https://www.cisco.com/c/dam/en/us/td/docs/collaboration/webex_centers/Collaboration-Help/T,custom,,,,,custom: needs resolver,med
cisco-umbrella-roaming-client,Cisco Umbrella Roaming Client,https://appcatalog.cloud/apps/cisco-umbrella-roaming-client,web-research,,,no,,,,,,,,ineligible: Standalone Umbrella Roaming Client is discontinued/superseded by Cisco Secure Client; macO,
cisco-webex,Cisco Webex,https://appcatalog.cloud/apps/cisco-webex,web-research,,,review,,https://formulae.brew.sh/api/cask/webex.json,,,,,,"review: Duplicate: already a homebrew-cask cask as token ""webex"" (Webex, https://formulae.brew.sh/",high
clamav,Clamav,https://appcatalog.cloud/apps/clamav,web-research,,,no,,,,,,,,"ineligible: Open-source CLI/daemon antivirus engine (clamd), not a GUI .app. Already a homebrew-core f",
claroread,Claroread,https://appcatalog.cloud/apps/claroread,autopkg,,,,dynamic-scrape,www.clarosoftware.com,,,,,,autopkg-sourced-format-tbd,high
class,Class,https://appcatalog.cloud/apps/class,web-research,,,review,,,,,,,,"review: ""Class"" / Class for Zoom (com.classedu.classforzoom), enterprise EDU virtual-classroom app",med
cleanshot-x,Cleanshot X,https://appcatalog.cloud/apps/cleanshot-x,web-research,,,review,,https://formulae.brew.sh/api/cask/cleanshot.json,,,,,,"review: Duplicate: already a homebrew-cask cask as token ""cleanshot"" (CleanShot X, https://formula",high
clevershare,Clevershare,https://appcatalog.cloud/apps/clevershare,web-research,,,review,,https://www.clevertouch.com/us/products/clever-software-solutions/clevershare,,,,,,"review: Clevertouch (bundle com.clevertouch.clevershare2). Reason: mas-only. On Mac, Clevertouch o",high
clipboardai,Clipboardai,https://appcatalog.cloud/apps/clipboardai,web-research,,,review,,https://www.clipboard-ai.com/download,,,,,,review: ClipboardAI by Silas Wolf (bundle com.silaswolf.clipboard-ai). Reason: discontinued. Offic,high
clipdrop,Clipdrop,https://appcatalog.cloud/apps/clipdrop,web-research,,,no,,,,,,,,ineligible: ClipDrop / AR Copy Paste (bundle app.arcopypaste.desktop). Reason: web-only. ClipDrop is n,
close-desktop,Close Desktop,https://appcatalog.cloud/apps/close-desktop,web-research,,dmg,yes,github,repo=closeio/closeio-desktop-releases;asset=Close-{v}.dmg,github_tag,,,,,in-registry,high
cloudtalk-phone,Cloudtalk Phone,https://appcatalog.cloud/apps/cloudtalk-phone,web-research,,dmg,yes,direct,https://cloudtalk-phone-distribution.s3.amazonaws.com/latest-mac.yml,electron,,,,,in-registry,high
cloudya,Cloudya,https://appcatalog.cloud/apps/cloudya,installomator,cloudya,appInDmgInZip,yes-nested,dynamic-scrape,www.nfon.com,"""$(curl -fsL https://www.nfon.com/de/service/downloads | grep -i -E -o ""Cloudya Desktop App MAC [0-9.]*"" | sed 's/^.*\ \([^ ]\{0,7\}\)$/\1/g' | head -n1)""",X26F74J8TH,,,,custom: needs resolver,high
code42,Code42,https://appcatalog.cloud/apps/code42,installomator,code42,pkgInDmg,yes-nested,direct,download-preservation.code42.com,,9YV9435DHD,,( NONE ),,custom: needs resolver,high
comic-life-4,Comic Life 4,https://appcatalog.cloud/apps/comic-life-4,autopkg,,,,dynamic-scrape,plasq.com,,,,,,autopkg-sourced-format-tbd,high
computer,Computer,https://appcatalog.cloud/apps/computer,web-research,,,review,,https://devrev.ai/,,,,,,"review: Computer by DevRev (bundle ai.devrev.desktop), product site computer.io. Reason: gated. co",high
connectmenow4,Connectmenow4,https://appcatalog.cloud/apps/connectmenow4,web-research,,dmg,yes,vendor,https://www.tweaking4all.com/downloads/network/ConnectMeNow4-v4.0.18-macOS-arm64.dmg,custom,,,,,custom: needs resolver,high
conniepad,Conniepad,https://appcatalog.cloud/apps/conniepad,web-research,,dmg,yes,vendor,https://release-bucket.confibuy.au/conniepad/ConniePad%207.0.38%20(692,custom,,,,,custom: needs resolver,high
container,Container,https://appcatalog.cloud/apps/container,installomator,container,pkg,review,github,apple/container,"""$(versionFromGit apple container)""",UPBK2H6LZM,,,,review: homebrew-core formula collision; apple CLI runtime,high
corelcad,Corelcad,https://appcatalog.cloud/apps/corelcad,web-research,,dmg,yes,direct,https://www.corel.com/akdlm/6763/downloads/free/trials/CorelCAD/2023/CorelCAD2023.dmg,direct,,,,yes,in-registry,med
cotypist,Cotypist,https://appcatalog.cloud/apps/cotypist,web-research,,dmg,yes,vendor,https://cotypist.app/download/Cotypist.dmg,custom,,,,,custom: needs resolver,med
cricut-design-space,Cricut Design Space,https://appcatalog.cloud/apps/cricut-design-space,installomator,cricutdesignspace,dmg,yes,dynamic-scrape,apis.cricut.com,"$(getJSONValue ""$cricutVersionJSON"" ""rolloutVersion"")",25627ZFVT7,,,yes,custom: needs resolver,high
cronica,Cronica,https://appcatalog.cloud/apps/cronica,web-research,,zip,yes,github,repo=eggerco/cronica;asset=Cronica.app.zip,github_tag,,,,,in-registry,high
cryptotab-browser,Cryptotab Browser,https://appcatalog.cloud/apps/cryptotab-browser,web-research,,,review,,https://cryptotabbrowser.com/get/CTBrowserSetup.dmg,,,,,,review: CryptoTab Browser (bundle site.cryptobrowser.cryptotab). Reason: adware. Bitcoin-mining br,high
cursor-teleporter,Cursor Teleporter,https://appcatalog.cloud/apps/cursor-teleporter,web-research,,zip,yes,vendor,https://www.apptorium.com/public/products/cursor-teleporter/releases/CursorTeleporter-1.1.,custom,,,,,custom: needs resolver,high
dante-virtual-soundcard,Dante Virtual Soundcard,https://appcatalog.cloud/apps/dante-virtual-soundcard,web-research,,,review,,https://www.getdante.com/products/software-essentials/dante-virtual-soundcard/,,,,,,review: Audinate Dante Virtual Soundcard (bundle com.audinate.DanteVirtualSoundcard). Reason: gate,high
daylite,Daylite,https://appcatalog.cloud/apps/daylite,installomator,daylite,zip,yes,direct,www.marketcircle.com,"""$(curl -fs https://www.marketcircle.com/appcasts/daylite.xml | xpath '(//rss/channel/item/enclosure/@sparkle:shortVersionString)[1]' 2>/dev/null | cut -d '""' -f 2)""",GR26KTJYTV,,,,custom: needs resolver,high
dedoose,Dedoose,https://appcatalog.cloud/apps/dedoose,installomator,dedoose,dmg,yes,direct,downloads.dedoose.com,"$(curl -fsI https://downloads.dedoose.com/dedoose-app-releases/Dedoose-Mac.dmg | grep -i ""^content-disposition:"" | grep -o ""v[0-9]\{1,\}\.[0-9]\{1,\}\.[0-9]\{1,\}"" | sed 's/^v//')",9U74Q6K62X,,,,custom: needs resolver,high
default-mail-app-to-microsoft-outlook,Default Mail App To Microsoft Outlook,https://appcatalog.cloud/apps/default-mail-app-to-microsoft-outlook,web-research,,,review,,https://support.microsoft.com/en-us/office/set-an-account-as-the-default-in-outlook-for-ma,,,,,,review: Microsoft MailToOutlook (bundle com.microsoft.MailToOutlook). Reason: no-vendor-download. ,high
delighted,Delighted,https://appcatalog.cloud/apps/delighted,web-research,,zip,yes,vendor,https://eclecticlight.co/wp-content/uploads/2026/03/delighted25.zip,custom,,,,,custom: needs resolver,high
dell-display-peripheral-manager,Dell Display Peripheral Manager,https://appcatalog.cloud/apps/dell-display-peripheral-manager,web-research,,pkgInZip,yes,vendor,https://dl.dell.com/FOLDER09180078M/1/DDPMv1.0.2.0019.zip,custom,,,,,custom: needs resolver,med
depnotify,Depnotify,https://appcatalog.cloud/apps/depnotify,installomator,depnotify,pkg,yes,direct,files.jamfconnect.com,,VRPY9KHGX6,,,,custom: needs resolver,high
deskrest,Deskrest,https://appcatalog.cloud/apps/deskrest,,,,,,,,,,,,manual-research,
desktop-icon-manager,Desktop Icon Manager,https://appcatalog.cloud/apps/desktop-icon-manager,web-research,,zip,yes,github,repo=com-entonos/Desktop-Icon-Manager;asset=DesktopIconManager{v}.zip,github_tag,,,,,in-registry,high
dialpad-meetings,Dialpad Meetings,https://appcatalog.cloud/apps/dialpad-meetings,web-research,,dmg,yes,vendor,https://storage.googleapis.com/uc_native/stable/osx/arm64/DialpadMeetings.dmg,custom,,,,,custom: needs resolver,high
dictation-daddy,Dictation Daddy,https://appcatalog.cloud/apps/dictation-daddy,web-research,,dmg,yes,github,repo=rahulbansal16/DictationDaddy;asset=Dictation-Daddy-mac.dmg,github_tag,,,,,in-registry,high
dinoxcope,Dinoxcope,https://appcatalog.cloud/apps/dinoxcope,autopkg,,,,dynamic-scrape,files.dinolite.us,,,,,,autopkg-sourced-format-tbd,high
disk-space-analyzer,Disk Space Analyzer,https://appcatalog.cloud/apps/disk-space-analyzer,web-research,,dmg,yes,vendor,https://download.nektony.com/download/diskexpert/disk-space-analyzer.dmg,custom,,,,,custom: needs resolver,high
displaylink-manager,Displaylink Manager,https://appcatalog.cloud/apps/displaylink-manager,installomator,displaylinkmanager,pkg,yes,dynamic-scrape,www.synaptics.com$(curl,$(curl -sfL https://www.synaptics.com/products/displaylink-graphics/downloads/macos | grep -o 'DisplayLink%20Manager%20Graphics%20Connectivity[0-9.]*-Release' | head -1 | sed 's/DisplayLink%20Manager%20Graphics%20Connectivity//' | sed 's/-Release//'),73YQY62QM3,,,,custom: needs resolver,high
docker,Docker,https://appcatalog.cloud/apps/docker,installomator,docker,dmg,review,direct,desktop.docker.com,"$( curl -fs ""https://desktop.docker.com/mac/main/arm64/appcast.xml"" | xpath '(//rss/channel/item/enclosure/@sparkle:shortVersionString)[last()]' 2>/dev/null | cut -d '""' -f2 )",9BNSXJN65R,,"( ""Docker Desktop"" )",,review: duplicate of existing Homebrew cask docker-desktop (Docker Desktop),high
dockutil,Dockutil,https://appcatalog.cloud/apps/dockutil,installomator,dockutil,pkg,review,github,kcrawford/dockutil,"$(versionFromGit ""kcrawford"" ""dockutil"")",Z5J8CJBUWC,dockutil.cli.tool,( NONE ),,review: homebrew-core formula collision (brew install dockutil),high
doctolib,Doctolib,https://appcatalog.cloud/apps/doctolib,installomator,doctolib,dmg,review,direct,ddv-install.doctolib.fr,"""""",84K7XVJ72Q,,,,review: https://ddv-install.doctolib.fr/DoctolibProDesktop-latest-arm64.dmg = HTTP 200 b,high
docusign-edit,Docusign Edit,https://appcatalog.cloud/apps/docusign-edit,web-research,,,review,,,,,,,,"review: Portal/login-gated. DocuSign CLM ""Docusign Edit""/SpringCM Edit (bundle com.springcm.Spring",high
dragonframe-2024,Dragonframe 2024,https://appcatalog.cloud/apps/dragonframe-2024,installomator,dragonframe2024,pkg,yes,direct,www.dragonframe.com,"$(curl -s -A ""User-Agent: Mozilla/5.0 (Macintosh; Intel Mac OS X 10_15_7) AppleWebKit/605.1.15 (KHTML, like Gecko) Version/15.1 Safari/605.1.15"" https://www.dragonframe.com/downloads/ | grep -o 'Dragonframe_2024\.[0-9]\+\.[0-9]\+\.pkg' | sed -E 's/Dragonframe_//; s/\.pkg$//' | head -n 1)",PG7SM8SD8M,,,yes,in-registry,high
dragonframe-2025,Dragonframe 2025,https://appcatalog.cloud/apps/dragonframe-2025,installomator,dragonframe2025,pkg,yes,direct,www.dragonframe.com,"$(curl -s -A ""User-Agent: Mozilla/5.0 (Macintosh; Intel Mac OS X 10_15_7) AppleWebKit/605.1.15 (KHTML, like Gecko) Version/15.1 Safari/605.1.15"" https://www.dragonframe.com/downloads/ | grep -o 'Dragonframe [0-9]\+\.[0-9]\+\.[0-9]\+' | sed 's/Dragonframe //' | head -n 1)",PG7SM8SD8M,,,yes,in-registry,high
dragonframe-5,Dragonframe 5,https://appcatalog.cloud/apps/dragonframe-5,installomator,dragonframe5,pkg,yes,dynamic-scrape,www.dragonframe.com,"""$( echo ""$downloadURL"" | cut -d '_' -f 2 | cut -d '.' -f 1-3 )""",PG7SM8SD8M,com.dzed.Dragonframe5,,yes,in-registry,high
dropnotch,Dropnotch,https://appcatalog.cloud/apps/dropnotch,web-research,,dmg,yes,vendor,https://junebytes.com/downloads/DropNotch.dmg,custom,,,,,custom: needs resolver,high
dropnote,Dropnote,https://appcatalog.cloud/apps/dropnote,web-research,,zip,yes,github,repo=bastian-js/dropnote;asset=DropNote.zip,github_tag,,,,,in-registry,high
droppoint,Droppoint,https://appcatalog.cloud/apps/droppoint,web-research,,dmg,yes,vendor,https://github.com/GameGodS3/DropPoint/releases/download/v1.2.1/DropPoint-1.2.1-arm64-Appl,custom,,,,,custom: needs resolver,high
dstny,Dstny,https://appcatalog.cloud/apps/dstny,installomator,dstny,dmg,review,direct,soft.dstny.se,,5RLWBLKGL2,,,,review: https://soft.dstny.se/dstny_mac.dmg = HTTP 200 application/octet-stream but URL ,high
eclipse-ide-for-embedded-cc-developers,Eclipse Ide For Embedded Cc Developers,https://appcatalog.cloud/apps/eclipse-ide-for-embedded-cc-developers,web-research,,dmg,yes,vendor,https://www.eclipse.org/downloads/download.php?file=/technology/epp/downloads/release/2026,custom,,,,,custom: needs resolver,high
eclipse-ide-for-enterprise-java-and-web-developers,Eclipse Ide For Enterprise Java And Web Developers,https://appcatalog.cloud/apps/eclipse-ide-for-enterprise-java-and-web-developers,web-research,,,review,,,,,,,,"review: Duplicate: cask ""eclipse-jee"" already exists (formulae.brew.sh/api/cask/eclipse-jee.json =",high
eclipse-ide-for-rcp-and-rap-developers,Eclipse Ide For Rcp And Rap Developers,https://appcatalog.cloud/apps/eclipse-ide-for-rcp-and-rap-developers,web-research,,,review,,,,,,,,"review: Duplicate: cask ""eclipse-rcp"" already exists (formulae.brew.sh/api/cask/eclipse-rcp.json =",high
eclipse-ide-for-scout-developers,Eclipse Ide For Scout Developers,https://appcatalog.cloud/apps/eclipse-ide-for-scout-developers,web-research,,dmg,yes,vendor,https://www.eclipse.org/downloads/download.php?file=/technology/epp/downloads/release/2026,custom,,,,,custom: needs resolver,high
editready,Editready,https://appcatalog.cloud/apps/editready,web-research,,dmg,yes,vendor,https://updates.hedge.video/editready/macos/latest/EditReady.dmg,custom,,,,,custom: needs resolver,high
egnyte-connect,Egnyte Connect,https://appcatalog.cloud/apps/egnyte-connect,autopkg,,,,sparkle/feed,egnyte-cdn.egnyte.com,,,,,,autopkg-sourced-format-tbd,high
egnyte-desktop-app-core,Egnyte Desktop App Core,https://appcatalog.cloud/apps/egnyte-desktop-app-core,autopkg,,,,dynamic-scrape,egnyte-cdn.egnyte.com,,,,,,autopkg-sourced-format-tbd,high
elevate24,Elevate24,https://appcatalog.cloud/apps/elevate24,installomator,elevate24,pkg,yes,github,Jigsaw24/Elevate24,"""$(versionFromGit Jigsaw24 Elevate24)""",BVDW99KYDU,,,,in-registry,high
elytra,Elytra,https://appcatalog.cloud/apps/elytra,web-research,,,review,,,,,,,,review: Mac App Store only. Elytra RSS reader (bundle com.dezinezync.elytra) is distributed via MA,high
enreachcontact,Enreachcontact,https://appcatalog.cloud/apps/enreachcontact,web-research,,,review,,,,,,,,review: No public macOS download (portal/SPA-gated). desktop.enreach.com is an SPA whose JS bundle,high
eon-timer,Eon Timer,https://appcatalog.cloud/apps/eon-timer,web-research,,,review,,,,,,,,"review: Mac App Store only (direct download discontinued). Charlie Monroe ""Eon"" time tracker (bund",high
eparaksts,Eparaksts,https://appcatalog.cloud/apps/eparaksts,web-research,,,review,,,,,,,,review: JS-gated download. Latvian eID signer eParakstitajs 3.0 (bundle lv.euso.signanywhere; curr,high
epos-connect,Epos Connect,https://appcatalog.cloud/apps/epos-connect,installomator,eposconnect,pkg,review,dynamic-scrape,www.eposaudio.com,"$(echo ""$downloadURL"" | sed -E 's/.*_([0-9.]*).pkg/\1/' | cut -d ""."" -f4)",8956A7Y69J,,,,"review: Current Mac version 8.3.0.49911 (MacUpdater, 2025-09-22) but the direct .pkg URL",high
escape-medical-viewer,Escape Medical Viewer,https://appcatalog.cloud/apps/escape-medical-viewer,web-research,,,review,,,,,,,,"review: Discontinued. Vendor homepage escapetech.eu states ""EMV Mac discontinued."" (13 Sep 24); cu",high
escrow-buddy,Escrow Buddy,https://appcatalog.cloud/apps/escrow-buddy,installomator,escrowbuddy,pkg,yes,github,macadmins/escrow-buddy,$(versionFromGit macadmins escrow-buddy ),T4SK8ZXCXG,com.netflix.Escrow-Buddy,,,in-registry,high
everweb,Everweb,https://appcatalog.cloud/apps/everweb,installomator,everweb,dmg,yes,direct,www.ragesw.com,"$(curl -fs https://www.everwebapp.com/change-log/index.html | grep -oE ""[0-9]+\.[0-9]+\.[0-9]+"" | head -n 1)",A95T4TFRZ2,,,,custom: needs resolver,high
exiftool,Exiftool,https://appcatalog.cloud/apps/exiftool,autopkg,,,,dynamic-scrape,exiftool.org,,,,,,autopkg-sourced-format-tbd,high
farmerswife,Farmerswife,https://appcatalog.cloud/apps/farmerswife,web-research,,,review,,,,,,,,review: Portal-gated. farmerswife Desktop Client (bundle com.farmerswife.client) installers are se,high
figura,Figura,https://appcatalog.cloud/apps/figura,web-research,,zip,yes,github,repo=nuance-dev/figura;asset=Figura.app.zip,github_tag,,,,,in-registry,high
file-architect,File Architect,https://appcatalog.cloud/apps/file-architect,web-research,,dmg,yes,vendor,https://github.com/filearchitect/app/releases/download/v0.11.22/filearchitect_0.11.22_darw,custom,,,,,custom: needs resolver,high
filemail,Filemail,https://appcatalog.cloud/apps/filemail,web-research,,dmg,yes,vendor,https://www.filemail.com/link.ashx?id=1123,custom,,,,,custom: needs resolver,high
fileminutes,Fileminutes,https://appcatalog.cloud/apps/fileminutes,web-research,,dmg,yes,vendor,https://www.fileminutes.com/downloads/FileMinutes.dmg,custom,,,,,custom: needs resolver,med
filezilla,Filezilla,https://appcatalog.cloud/apps/filezilla,autopkg,,,,dynamic-scrape,filezilla-project.org,,,,,,autopkg-sourced-format-tbd,high
final-draft-12,Final Draft 12,https://appcatalog.cloud/apps/final-draft-12,installomator,finaldraft12,appInDmgInZip,yes-nested,direct,www.finaldraft.com,"$(echo $downloadURL | cut -d 't' -f5 | cut -f1 -d ""M"")",7XUZ8R5736,,,yes,custom: needs resolver,high
final-draft-13,Final Draft 13,https://appcatalog.cloud/apps/final-draft-13,installomator,finaldraft13,appInDmgInZip,yes-nested,sparkle/feed,www.finaldraft.com$(curl,"$(echo $downloadURL | cut -d 't' -f5 | cut -f1 -d ""M"")",7XUZ8R5736,,,yes,custom: needs resolver,high
findr,Findr,https://appcatalog.cloud/apps/findr,web-research,,,review,,,,,,,,"review: usefindr.com (AI enterprise knowledge/workplace-search SaaS; ToDesktop-wrapped, bundle com",low
finito,Finito,https://appcatalog.cloud/apps/finito,web-research,,,review,,https://www.finito.ai/download/mac/,,,,,,review: finito.ai AI writing assistant. Public unversioned download exists (https://www.finito.ai/,low
fivenotes,Fivenotes,https://appcatalog.cloud/apps/fivenotes,web-research,,zip,yes,direct,https://www.apptorium.com/public/products/fivenotes/releases/FiveNotes-{v}.zip,direct,,,,,in-registry,high
flashpeak-slimjet,Flashpeak Slimjet,https://appcatalog.cloud/apps/flashpeak-slimjet,web-research,,dmg,yes,vendor,https://www.slimjet.com/release/slimjet_arm.dmg,custom,,,,,custom: needs resolver,high
flashprint-5,Flashprint 5,https://appcatalog.cloud/apps/flashprint-5,autopkg,,,,dynamic-scrape,www.flashforge.com,,,,,,autopkg-sourced-format-tbd,high
flexihub,Flexihub,https://appcatalog.cloud/apps/flexihub,web-research,,dmg,yes,vendor,https://cdn.electronic.us/products/flexihub/mac/download/flexihub.dmg,custom,,,,,custom: needs resolver,high
flinto,Flinto,https://appcatalog.cloud/apps/flinto,autopkg,,,,dynamic-scrape,www.flinto.com,,,,,,autopkg-sourced-format-tbd,high
flowjo,Flowjo,https://appcatalog.cloud/apps/flowjo,installomator,flowjo,dmg,yes,dynamic-scrape,www.flowjo.com,"$(echo ""${downloadURL}"" | cut -d ""-"" -f2 )",C79HU5AD9V,,,,custom: needs resolver,high
focusee,Focusee,https://appcatalog.cloud/apps/focusee,web-research,,dmg,yes,vendor,https://focusee.imobie.com/go/download.php?product=fs&os=mac,custom,,,,,custom: needs resolver,high
folder-tidy,Folder Tidy,https://appcatalog.cloud/apps/folder-tidy,autopkg,,,,sparkle/feed,www.tunabellysoftware.com,,,,,,autopkg-sourced-format-tbd,high
foldr,Foldr,https://appcatalog.cloud/apps/foldr,autopkg,,,,dynamic-scrape,foldr.com,,,,,,autopkg-sourced-format-tbd,high
folge,Folge,https://appcatalog.cloud/apps/folge,web-research,,dmg,yes,vendor,https://folge.me/get-osx-arm64-release,custom,,,,,custom: needs resolver,high
fontagent,Fontagent,https://appcatalog.cloud/apps/fontagent,autopkg,,,,sparkle/feed,,,,,,,autopkg-sourced-format-tbd,high
foolcat,Foolcat,https://appcatalog.cloud/apps/foolcat,web-research,,,review,,,,,,,,"review: Camera-report tool (SyncFactory, now distributed by Hedge, bundle nl.syncfactory.Foolcat.M",low
fotomagico,Fotomagico,https://appcatalog.cloud/apps/fotomagico,web-research,,zip,yes,vendor,https://cdn.boinx.com/software/fotomagico/FotoMagico-6.9.2-Boinx-(1016682,custom,,,,,custom: needs resolver,high
foxit-phantompdf,Foxit Phantompdf,https://appcatalog.cloud/apps/foxit-phantompdf,web-research,,,review,,https://formulae.brew.sh/api/cask/foxit-pdf-editor.json,,,,,,"review: Renamed: ""Foxit PhantomPDF"" is now ""Foxit PDF Editor"", which ALREADY EXISTS as a cask (htt",high
frameio-transfer,Frameio Transfer,https://appcatalog.cloud/apps/frameio-transfer,web-research,,dmg,yes,vendor,https://transferapp.frame.io/Frame.io-Transfer/6ab0c27d61d7cf8793b0357e6533ed81/latest/dar,custom,,,,,custom: needs resolver,high
freeter,Freeter,https://appcatalog.cloud/apps/freeter,web-research,,dmg,yes,direct,https://github.com/FreeterApp/Freeter/releases/latest/download/latest-mac.yml,electron,,,,,in-registry,high
frost-writer,Frost Writer,https://appcatalog.cloud/apps/frost-writer,web-research,,,review,,,,,,,,review: No public macOS download. frostwriter.com returns HTTP 404 (no site at root); App Store li,low
ftprush,Ftprush,https://appcatalog.cloud/apps/ftprush,web-research,,,no,,,,,,,,ineligible: Vendor's only macOS download is a tar.bz2: https://www.wftpserver.com/download/FTPRush_mac,
fuzzlecheck-4,Fuzzlecheck 4,https://appcatalog.cloud/apps/fuzzlecheck-4,web-research,,dmg,yes,direct,https://fuz4downloads.fuzzlecheck.com/fuz_mac_setup_{v}.dmg,direct,,,,,in-registry,high
geekbench-ml,Geekbench Ml,https://appcatalog.cloud/apps/geekbench-ml,web-research,,,review,,https://formulae.brew.sh/api/cask/geekbench-ai.json,,,,,,"review: Discontinued/renamed: Geekbench ML (last release ML 0.6, Dec 2023) was superseded by ""Geek",high
global-secure-access-client,Global Secure Access Client,https://appcatalog.cloud/apps/global-secure-access-client,,,,,,,,,,,yes,manual-research,
goto,Goto,https://appcatalog.cloud/apps/goto,autopkg,,,,dynamic-scrape,goto-desktop.getgo.com,,,,,,autopkg-sourced-format-tbd,high
grab2text,Grab2Text,https://appcatalog.cloud/apps/grab2text,autopkg,,,,dynamic-scrape,www.softwarehow.com,,,,,,autopkg-sourced-format-tbd,high
grammarly,Grammarly,https://appcatalog.cloud/apps/grammarly,installomator,grammarly,dmg,yes,direct,download-mac.grammarly.com,,W8F64X92K3,com.grammarly.ProjectLlama,,,in-registry,high
grasshopper,Grasshopper,https://appcatalog.cloud/apps/grasshopper,installomator,grasshopper,dmg,yes,direct,dl.grasshopper.com,,KD6L2PTK2Q,,,,custom: needs resolver,high
growly-glucose,Growly Glucose,https://appcatalog.cloud/apps/growly-glucose,,,,,,,,,,,,manual-research,
guardian-browser,Guardian Browser,https://appcatalog.cloud/apps/guardian-browser,installomator,guardianbrowser,dmg,yes,direct,production-archimedes-secure-browser-artifacts.s3.amazonaws.com,,7TCATJSU2Y,,,,custom: needs resolver,high
haiku-animator,Haiku Animator,https://appcatalog.cloud/apps/haiku-animator,,,,,,,,,,,,manual-research,
hide-icons,Hide Icons,https://appcatalog.cloud/apps/hide-icons,autopkg,,,,github,com-entonos/Hide-Icons,,,,,,autopkg-sourced-format-tbd,high
hintview,Hintview,https://appcatalog.cloud/apps/hintview,,,,,,,,,,,,manual-research,
homebrew,Homebrew,https://appcatalog.cloud/apps/homebrew,installomator,homebrew,pkg,no,github,Homebrew/brew,"""$(versionFromGit Homebrew brew)""",927JGANW46,sh.brew.homebrew,,,"review: bogus: Homebrew itself, not a cask",high
horse,Horse,https://appcatalog.cloud/apps/horse,,,,,,,,,,,,manual-research,
houdahgeo,Houdahgeo,https://appcatalog.cloud/apps/houdahgeo,autopkg,,,,sparkle/feed,www.houdah.com,,,,,,autopkg-sourced-format-tbd,high
httpie,Httpie,https://appcatalog.cloud/apps/httpie,,,,,,,,,,,,manual-research,
huddly,Huddly,https://appcatalog.cloud/apps/huddly,installomator,huddly,dmg,yes,direct,app.huddly.com,"""$(curl -fsIL ""${downloadURL}"" | grep -i '^content-disposition' | sed -E 's/.*-([0-9]+\.[0-9]+\.[0-9]+)-.*/\1/g')""",J659R47HZT,,,,custom: needs resolver,high
hudl-sportscode,Hudl Sportscode,https://appcatalog.cloud/apps/hudl-sportscode,installomator,hudlsportscode,appInDmgInZip,yes-nested,direct,sportscode64-updates.s3.amazonaws.com,"$(curl -fs https://www.hudl.com/downloads/elite | grep -A 1 ""Download Hudl Sportscode"" | grep -o -e ""[0-9.]*"")",4M6T2C723P,,,,custom: needs resolver,high
hudl-studio,Hudl Studio,https://appcatalog.cloud/apps/hudl-studio,installomator,hudlstudio,dmg,yes,direct,studio-releases.s3.amazonaws.com,"$(curl -fs https://www.hudl.com/downloads/elite | grep -A 1 ""Download Studio"" | grep -o -e ""[0-9.]*"")",2YLQ7PASUE,,,,in-registry,high
hue,Hue,https://appcatalog.cloud/apps/hue,,,,,,,,,,,,manual-research,
huggingchat-mac,Huggingchat Mac,https://appcatalog.cloud/apps/huggingchat-mac,,,,,,,,,,,,manual-research,
hunchly,Hunchly,https://appcatalog.cloud/apps/hunchly,autopkg,,,,dynamic-scrape,downloadmirror.hunch.ly,,,,,,autopkg-sourced-format-tbd,high
hydra,Hydra,https://appcatalog.cloud/apps/hydra,,,,,,,,,,,,manual-research,
ib-eassessment-player,Ib Eassessment Player,https://appcatalog.cloud/apps/ib-eassessment-player,autopkg,,,,dynamic-scrape,eassessment-admin.ibo.org,,,,,,autopkg-sourced-format-tbd,high
ibm-data-shift,Ibm Data Shift,https://appcatalog.cloud/apps/ibm-data-shift,,,,,,,,,,,,manual-research,
ibm-spss-statistics,Ibm Spss Statistics,https://appcatalog.cloud/apps/ibm-spss-statistics,,,,,,,,,,,,manual-research,
iboostup,Iboostup,https://appcatalog.cloud/apps/iboostup,,,,,,,,,,,,manual-research,
icons,Icons,https://appcatalog.cloud/apps/icons,installomator,icons,pkg,yes,github,SAP/macOS-icon-generator,$(versionFromGit SAP macOS-icon-generator ),7R5ZEU67FQ,,,,in-registry,high
identity,Identity,https://appcatalog.cloud/apps/identity,,,,,,,,,,,,manual-research,
identity-enterprise,Identity Enterprise,https://appcatalog.cloud/apps/identity-enterprise,,,,,,,,,,,,manual-research,
imanage-work-desktop,Imanage Work Desktop,https://appcatalog.cloud/apps/imanage-work-desktop,autopkg,,,,sparkle/feed,updates.imanage.com,,,,,,autopkg-sourced-format-tbd,high
impulso,Impulso,https://appcatalog.cloud/apps/impulso,,,,,,,,,,,,manual-research,
imymac-pdf-compressor,Imymac Pdf Compressor,https://appcatalog.cloud/apps/imymac-pdf-compressor,,,,,,,,,,,,manual-research,
imymac-video-converter,Imymac Video Converter,https://appcatalog.cloud/apps/imymac-video-converter,,,,,,,,,,,,manual-research,
insight,Insight,https://appcatalog.cloud/apps/insight,,,,,,,,,,,,manual-research,
instant-word-counter,Instant Word Counter,https://appcatalog.cloud/apps/instant-word-counter,,,,,,,,,,,,manual-research,
integrity-plus,Integrity Plus,https://appcatalog.cloud/apps/integrity-plus,,,,,,,,,,,,manual-research,
integrity-pro,Integrity Pro,https://appcatalog.cloud/apps/integrity-pro,,,,,,,,,,,,manual-research,
inventorywatch,Inventorywatch,https://appcatalog.cloud/apps/inventorywatch,,,,,,,,,,,,manual-research,
iperius-remote,Iperius Remote,https://appcatalog.cloud/apps/iperius-remote,,,,,,,,,,,,manual-research,
iphone-backup-extractor,Iphone Backup Extractor,https://appcatalog.cloud/apps/iphone-backup-extractor,,,,,,,,,,,,manual-research,
ipsw-updater,Ipsw Updater,https://appcatalog.cloud/apps/ipsw-updater,installomator,ipswupdater,zip,yes,dynamic-scrape,https://ipsw.app/download/IPSWUpdater-v202604151.zip,"$(getJSONValue ""$ipswupdaterVersions"" ""[0].version"")",YRW6NUGA63,,,,custom: needs resolver,high
istat-menu,Istat Menu,https://appcatalog.cloud/apps/istat-menu,,,,,,,,,,,,manual-research,
istatistica-pro,Istatistica Pro,https://appcatalog.cloud/apps/istatistica-pro,,,,,,,,,,,,manual-research,
jamf-actions,Jamf Actions,https://appcatalog.cloud/apps/jamf-actions,,,,,,,,,,,,manual-research,
jamf-aftermath,Jamf Aftermath,https://appcatalog.cloud/apps/jamf-aftermath,,,,,,,,,,,,manual-research,
jamf-cli,Jamf Cli,https://appcatalog.cloud/apps/jamf-cli,autopkg,,,,github,Jamf-Concepts/jamf-cli,,,,,,autopkg-sourced-format-tbd,high
jamf-cloud-package-replicator,Jamf Cloud Package Replicator,https://appcatalog.cloud/apps/jamf-cloud-package-replicator,,,,,,,,,,,,manual-research,
jamf-compliance-editor,Jamf Compliance Editor,https://appcatalog.cloud/apps/jamf-compliance-editor,autopkg,,,,github,Jamf-Concepts/jamf-compliance-editor,,,,,,autopkg-sourced-format-tbd,high
jamf-connect-configuration,Jamf Connect Configuration,https://appcatalog.cloud/apps/jamf-connect-configuration,installomator,jamfconnectconfiguration,dmg,yes,direct,files.jamfconnect.com,"$(curl -fsIL ""${downloadURL}"" | grep ""x-amz-meta-version"" | grep -o ""[0-9.].*[0-9.].*[0-9]"")",483DWKW443,,,,custom: needs resolver,high
jamf-connect-login,Jamf Connect Login,https://appcatalog.cloud/apps/jamf-connect-login,installomator,jamfconnectlogin,pkgInDmg,yes-nested,direct,files.jamfconnect.com,"$(curl -fsIL ""${downloadURL}"" | grep ""x-amz-meta-version"" | grep -o ""[0-9.].*[0-9.].*[0-9]"")",483DWKW443,com.jamf.connect.login,,,custom: needs resolver,high
jamf-environment-test,Jamf Environment Test,https://appcatalog.cloud/apps/jamf-environment-test,,,,,,,,,,,,manual-research,
jamf-framework-redeploy,Jamf Framework Redeploy,https://appcatalog.cloud/apps/jamf-framework-redeploy,,,,,,,,,,,,manual-research,
jamf-pppc-utility,PPPC Utility,https://appcatalog.cloud/apps/jamf-pppc-utility,installomator,jamfpppcutility,zip,yes,github,jamf/PPPC-Utility,$(versionFromGit jamf PPPC-Utility),483DWKW443,,,,in-registry,high
jamf-printer-manager,Jamf Printer Manager,https://appcatalog.cloud/apps/jamf-printer-manager,installomator,jamfprintermanager,zip,yes,github,jamf/jamf-printer-manager,"""$(versionFromGit jamf jamf-printer-manager)""",483DWKW443,,,,in-registry,high
jamf-protect-ulf-uploader,Jamf Protect Ulf Uploader,https://appcatalog.cloud/apps/jamf-protect-ulf-uploader,,,,,,,,,,,,manual-research,
jamf-prune,Jamf Prune,https://appcatalog.cloud/apps/jamf-prune,,,,,,,,,,,,manual-research,
jamf-reenroller,ReEnroller,https://appcatalog.cloud/apps/jamf-reenroller,installomator,jamfreenroller,zip,yes,github,jamf/ReEnroller,github_latest,PS2F6S478M,,,,in-registry,high
jamf-replicator,Jamf Replicator,https://appcatalog.cloud/apps/jamf-replicator,autopkg,,,,github,jamf/Replicator,,,,,,autopkg-sourced-format-tbd,high
jamf-sync,Jamf Sync,https://appcatalog.cloud/apps/jamf-sync,autopkg,,,,github,jamf/JamfSync,,,,,,autopkg-sourced-format-tbd,high
jamfcheck,JamfCheck,https://appcatalog.cloud/apps/jamfcheck,installomator,jamfcheck,dmg,yes,github,txhaflaire/JamfCheck,"""$(versionFromGit txhaflaire JamfCheck)""",CLQKFNPCCP,,,,in-registry,high
jamfdash,Jamfdash,https://appcatalog.cloud/apps/jamfdash,,,,,,,,,,,,manual-research,
jamfhelper-constructor,Jamfhelper Constructor,https://appcatalog.cloud/apps/jamfhelper-constructor,,,,,,,,,,,,manual-research,
jane-reader,Jane Reader,https://appcatalog.cloud/apps/jane-reader,,,,,,,,,,,,manual-research,
joan-configurator,Joan Configurator,https://appcatalog.cloud/apps/joan-configurator,autopkg,,,,dynamic-scrape,,,,,,,autopkg-sourced-format-tbd,high
joy,Joy,https://appcatalog.cloud/apps/joy,,,,,,,,,,,,manual-research,
jpegmini-pro,Jpegmini Pro,https://appcatalog.cloud/apps/jpegmini-pro,,,,,,,,,,,,manual-research,
jupyterlab,Jupyterlab,https://appcatalog.cloud/apps/jupyterlab,installomator,jupyterlab,dmg,review,github,jupyterlab/jupyterlab-desktop,"""$(versionFromGit jupyterlab jupyterlab-desktop)""",2YJ64GUAVW,,,,review: formula collision + arch-split; needs token jupyterlab-desktop + custom,high
keeper-secrets-manager-cli,Keeper Secrets Manager Cli,https://appcatalog.cloud/apps/keeper-secrets-manager-cli,,,,,,,,,,,,manual-research,
keepnotes,Keepnotes,https://appcatalog.cloud/apps/keepnotes,,,,,,,,,,,,manual-research,
kelvin,Kelvin,https://appcatalog.cloud/apps/kelvin,,,,,,,,,,,,manual-research,
kite,Kite,https://appcatalog.cloud/apps/kite,,,,,,,,,,,,manual-research,
komodo-screen-recorder,Komodo Screen Recorder,https://appcatalog.cloud/apps/komodo-screen-recorder,,,,,,,,,,,,manual-research,
kubernetes-desktop-client,Kubernetes Desktop Client,https://appcatalog.cloud/apps/kubernetes-desktop-client,,,,,,,,,,,,manual-research,
kubeswitch,Kubeswitch,https://appcatalog.cloud/apps/kubeswitch,,,,,,,,,,,,manual-research,
languagetool,Languagetool,https://appcatalog.cloud/apps/languagetool,,,,,,,,,,,,manual-research,
later,Later,https://appcatalog.cloud/apps/later,,,,,,,,,,,,manual-research,
ledger-live,Ledger Live,https://appcatalog.cloud/apps/ledger-live,autopkg,,,,dynamic-scrape,download.live.ledger.com,,,,,,autopkg-sourced-format-tbd,high
lens-desktop,Lens Desktop,https://appcatalog.cloud/apps/lens-desktop,,,,,,,,,,,,manual-research,
lg-calibration-studio,Lg Calibration Studio,https://appcatalog.cloud/apps/lg-calibration-studio,installomator,lgcalibrationstudio,pkgInZip,yes-nested,direct,gscs-b2c.lge.com,"$(curl -sf ""$releaseURL"" | grep -m 1 ""\[Mac\] LG Calibration Studio - version "" | sed -E 's/.*\[Mac\] LG Calibration Studio - version ([^<]+)<\/p>.*/\1/')",5SKT5H4CPQ,,,,custom: needs resolver,high
lingo,Lingo,https://appcatalog.cloud/apps/lingo,,,,,,,,,,,,manual-research,
lingvanex-translator,Lingvanex Translator,https://appcatalog.cloud/apps/lingvanex-translator,,,,,,,,,,,,manual-research,
linked-helper,Linked Helper,https://appcatalog.cloud/apps/linked-helper,,,,,,,,,,,,manual-research,
livechat,Livechat,https://appcatalog.cloud/apps/livechat,,,,,,,,,,,,manual-research,
logoer,Logoer,https://appcatalog.cloud/apps/logoer,,,,,,,,,,,,manual-research,
lucanet-software-manager,Lucanet Software Manager,https://appcatalog.cloud/apps/lucanet-software-manager,,,,,,,,,,,,manual-research,
lucidlink,Lucidlink,https://appcatalog.cloud/apps/lucidlink,installomator,lucidlink,pkg,yes,direct,www.lucidlink.com,"$(curl -fsIL -H ""Referer: https://www.lucidlink.com/download/latest/osx/stable"" ""$downloadURL"" | awk 'BEGIN{IGNORECASE=1}/^location:/{gsub(""\r"",""""); print $2}' | tail -n 1 | sed -E 's|.*/lucid-([0-9]+(\.[0-9]+)+)\.pkg$|\1|')",Y4KMJPU2B4,,,,in-registry,high
lucidlink-classic,Lucidlink Classic,https://appcatalog.cloud/apps/lucidlink-classic,,,,,,,,,,,,manual-research,
luna-display,Luna Display,https://appcatalog.cloud/apps/luna-display,installomator,lunadisplay,dmg,yes,direct,downloads.astropad.com,"$(curl -sI ""${downloadURL}"" | grep -o -E 'location:.*$' | grep -o -E '\d+\.\d+\.\d+\.\d+')",8356ZZ8Y5K,,,,in-registry,high
mac-linguist,Mac Linguist,https://appcatalog.cloud/apps/mac-linguist,,,,,,,,,,,,manual-research,
maccleanse,Maccleanse,https://appcatalog.cloud/apps/maccleanse,,,,,,,,,,,,manual-research,
macgpt,Macgpt,https://appcatalog.cloud/apps/macgpt,,,,,,,,,,,,manual-research,
macos-instantview,Macos Instantview,https://appcatalog.cloud/apps/macos-instantview,,,,,,,,,,,,manual-research,
macuncle-eml-viewer,Macuncle Eml Viewer,https://appcatalog.cloud/apps/macuncle-eml-viewer,,,,,,,,,,,,manual-research,
maglr,Maglr,https://appcatalog.cloud/apps/maglr,,,,,,,,,,,,manual-research,
mailvault,Mailvault,https://appcatalog.cloud/apps/mailvault,autopkg,,,,github,GraphicMeat/mail-vault-app,,,,,,autopkg-sourced-format-tbd,high
mamp-pro,Mamp Pro,https://appcatalog.cloud/apps/mamp-pro,,,,,,,,,,,,manual-research,
mana-security,Mana Security,https://appcatalog.cloud/apps/mana-security,,,,,,,,,,,,manual-research,
managed-app-schema-builder,Managed App Schema Builder,https://appcatalog.cloud/apps/managed-app-schema-builder,installomator,managedappschemabuilder,zip,yes,github,BIG-RAT/Managed-App-Schema-Builder,"""$(versionFromGit BIG-RAT Managed-App-Schema-Builder)""",PS2F6S478M,,,,in-registry,high
manycam,Manycam,https://appcatalog.cloud/apps/manycam,,,,,,,,,,,,manual-research,
masv,Masv,https://appcatalog.cloud/apps/masv,installomator,masv,dmg,yes,direct,dl.massive.io,$(curl -fsL 'https://dl.massive.io/latest-mac.yml' | grep 'version:' | awk '{print $NF }'),VHKX7RCAY7,,,,in-registry,high
maxon-cinema-4d-2026,Maxon Cinema 4D 2026,https://appcatalog.cloud/apps/maxon-cinema-4d-2026,,,,,,,,,,,yes,manual-research,
medialab-connect,Medialab Connect,https://appcatalog.cloud/apps/medialab-connect,,,,,,,,,,,,manual-research,
mersive-solstice,Mersive Solstice,https://appcatalog.cloud/apps/mersive-solstice,,,,,,,,,,,,manual-research,
mestrenova,Mestrenova,https://appcatalog.cloud/apps/mestrenova,installomator,mestrenova,dmg,yes,direct,mestrelab.com,"$(echo ""$mestrenovaDownloadVersion"" | cut -d '-' -f1)",DH5EKRR34H,,,yes,in-registry,high
microsoft-365,Microsoft 365,https://appcatalog.cloud/apps/microsoft-365,,,,,,,,,,,,manual-research,
microsoft-365-business-pro,Microsoft 365 Business Pro,https://appcatalog.cloud/apps/microsoft-365-business-pro,,,,,,,,,,,,manual-research,
microsoft-365-complete-removal,Microsoft 365 Complete Removal,https://appcatalog.cloud/apps/microsoft-365-complete-removal,,,,,,,,,,,,manual-research,
microsoft-365-license-removal-tool,Microsoft 365 License Removal Tool,https://appcatalog.cloud/apps/microsoft-365-license-removal-tool,,,,,,,,,,,,manual-research,
microsoft-advertising-editor,Microsoft Advertising Editor,https://appcatalog.cloud/apps/microsoft-advertising-editor,autopkg,,,,dynamic-scrape,,,,,,,autopkg-sourced-format-tbd,high
microsoft-company-portal,Microsoft Company Portal,https://appcatalog.cloud/apps/microsoft-company-portal,installomator,microsoftcompanyportal,pkg,yes,sparkle/feed,https://officecdnmac.microsoft.com/pr/C1297A47-86C4-4C1F-97FA-950631F94777/MacAutoupdate/0,"$(curl -fsL $MAUSource | xmllint --xpath '//array/dict[1]/key[text()=""Update Version""]/following-sibling::string[1]/text()' - 2>/dev/null)",UBF8T346G9,,,,custom: needs resolver,high
microsoft-defender,Microsoft Defender,https://appcatalog.cloud/apps/microsoft-defender,autopkg,,,,dynamic-scrape,,,,,,,autopkg-sourced-format-tbd,high
microsoft-powershell,Microsoft Powershell,https://appcatalog.cloud/apps/microsoft-powershell,installomator,microsoftpowershell,pkg,yes,github,PowerShell/PowerShell,$(versionFromGit PowerShell PowerShell ),UBF8T346G9,,,,custom: needs resolver,high
microsoft-skype-for-business,Microsoft Skype For Business,https://appcatalog.cloud/apps/microsoft-skype-for-business,installomator,microsoftskypeforbusiness,pkg,yes,msft,go.microsoft.com,"$(curl -fsIL ""$downloadURL"" | grep -i location: | sed -E 's/.*\/[a-zA-Z]*-([0-9.]*)\..*/\1/g')",UBF8T346G9,,,,in-registry,high
mimiq,Mimiq,https://appcatalog.cloud/apps/mimiq,,,,,,,,,,,,manual-research,
mindview-9,Mindview 9,https://appcatalog.cloud/apps/mindview-9,autopkg,,,,dynamic-scrape,link.matchware.com,,,,,,autopkg-sourced-format-tbd,high
minimoon,Minimoon,https://appcatalog.cloud/apps/minimoon,,,,,,,,,,,,manual-research,
mirrormask,Mirrormask,https://appcatalog.cloud/apps/mirrormask,,,,,,,,,,,,manual-research,
mist-cli,Mist Cli,https://appcatalog.cloud/apps/mist-cli,installomator,mist-cli,pkg,review,github,ninxsoft/mist-cli,"$(versionFromGit ""ninxsoft"" ""mist-cli"")",7K3HVCLV7Z,com.ninxsoft.pkg.mist-cli,( NONE ),,review: homebrew-core formula collision (brew install mist-cli),high
mister-horse-product-manager,Mister Horse Product Manager,https://appcatalog.cloud/apps/mister-horse-product-manager,,,,,,,,,,,,manual-research,
mixpad,Mixpad,https://appcatalog.cloud/apps/mixpad,,,,,,,,,,,,manual-research,
mobile-to-local,Mobile to Local,https://appcatalog.cloud/apps/mobile-to-local,installomator,mobiletolocal,zip,yes,github,BIG-RAT/mobile_to_local,"""$(versionFromGit BIG-RAT mobile_to_local)""",PS2F6S478M,,,,in-registry,high
modalfilemanager,Modalfilemanager,https://appcatalog.cloud/apps/modalfilemanager,,,,,,,,,,,,manual-research,
monotype-connect,Monotype Connect,https://appcatalog.cloud/apps/monotype-connect,,,,,,,,,,,,manual-research,
monsterwriter,Monsterwriter,https://appcatalog.cloud/apps/monsterwriter,,,,,,,,,,,,manual-research,
movie-magic-budgeting,Movie Magic Budgeting,https://appcatalog.cloud/apps/movie-magic-budgeting,autopkg,,,,dynamic-scrape,,,,,,,autopkg-sourced-format-tbd,high
movie-magic-scheduling,Movie Magic Scheduling,https://appcatalog.cloud/apps/movie-magic-scheduling,,,,,,,,,,,,manual-research,
multiviewer-for-f1,Multiviewer For F1,https://appcatalog.cloud/apps/multiviewer-for-f1,,,,,,,,,,,,manual-research,
musebox,Musebox,https://appcatalog.cloud/apps/musebox,,,,,,,,,,,,manual-research,
mut,Mut,https://appcatalog.cloud/apps/mut,,,,,,,,,,,,manual-research,
mxmarkedit,Mxmarkedit,https://appcatalog.cloud/apps/mxmarkedit,,,,,,,,,,,,manual-research,
my-picturemaxx-5,My Picturemaxx 5,https://appcatalog.cloud/apps/my-picturemaxx-5,,,,,,,,,,,,manual-research,
mymedia,Mymedia,https://appcatalog.cloud/apps/mymedia,,,,,,,,,,,,manual-research,
myvideoanalyser,Myvideoanalyser,https://appcatalog.cloud/apps/myvideoanalyser,,,,,,,,,,,,manual-research,
namo,Namo,https://appcatalog.cloud/apps/namo,,,,,,,,,,,,manual-research,
navigator,Navigator,https://appcatalog.cloud/apps/navigator,,,,,,,,,,,,manual-research,
navionics-chart-installer,Navionics Chart Installer,https://appcatalog.cloud/apps/navionics-chart-installer,,,,,,,,,,,,manual-research,
net-100,Net 100,https://appcatalog.cloud/apps/net-100,,,,,,,,,,,,manual-research,
net-80,Net 80,https://appcatalog.cloud/apps/net-80,,,,,,,,,,,,manual-research,
net-90,Net 90,https://appcatalog.cloud/apps/net-90,,,,,,,,,,,,manual-research,
netbird,Netbird,https://appcatalog.cloud/apps/netbird,,,,,,,,,,,,manual-research,
network-share-mounter,Network Share Mounter,https://appcatalog.cloud/apps/network-share-mounter,installomator,networksharemounter,pkg,yes,dynamic-scrape,gitlab.rrze.fau.de,$(curl -sfL https://gitlab.rrze.fau.de/api/v4/projects/506/releases | grep -o 'release-[0-9]\+\.[0-9]\+\.[0-9]\+' | grep -o '[0-9]\+\.[0-9]\+\.[0-9]\+' | head -n 1),C8F68RFW4L,de.fau.rrze.NetworkShareMounter,,,in-registry,high
nextai-translator,Nextai Translator,https://appcatalog.cloud/apps/nextai-translator,,,,,,,,,,,,manual-research,
nextcloud-desktop-client,Nextcloud Desktop Client,https://appcatalog.cloud/apps/nextcloud-desktop-client,installomator,nextcloud,pkg,review,github,nextcloud-releases/desktop,$(versionFromGit nextcloud-releases desktop),NKUJUXUJ3B,,,,review: duplicate of existing cask 'nextcloud',high
nextpad,Nextpad,https://appcatalog.cloud/apps/nextpad,,,,,,,,,,,,manual-research,
nightowl,Nightowl,https://appcatalog.cloud/apps/nightowl,autopkg,,,,sparkle/feed,darkmenu.s3.amazonaws.com,,,,,,autopkg-sourced-format-tbd,high
nirvana,Nirvana,https://appcatalog.cloud/apps/nirvana,,,,,,,,,,,,manual-research,
nodejs,Nodejs,https://appcatalog.cloud/apps/nodejs,installomator,nodejs,pkg,yes,dynamic-scrape,nodejs.org,$(curl -s -L https://nodejs.org/dist/latest/ | sed -nE 's|.*>node-(.*)\.pkg</a>.*|\1|p'),HX7739G8FX,,,,in-registry,high
noor,Noor,https://appcatalog.cloud/apps/noor,,,,,,,,,,,,manual-research,
noteey,Noteey,https://appcatalog.cloud/apps/noteey,,,,,,,,,,,,manual-research,
ntfs-disk-by-omi,Ntfs Disk By Omi,https://appcatalog.cloud/apps/ntfs-disk-by-omi,,,,,,,,,,,,manual-research,
nvivo-14,Nvivo 14,https://appcatalog.cloud/apps/nvivo-14,installomator,nvivo14,dmg,yes,direct,download.qsrinternational.com,"$(curl -fsIL ""${downloadURL}"" | grep -i ""^location"" | awk '{print $2}' | awk -F'/' '{ print $6 }' | cut -d ""."" -f1-3)",8F4S7H8S59,,"( NVivo NVivoHelper ""Nvivo 14"" )",yes,custom: needs resolver,high
nvivo-15,Nvivo 15,https://appcatalog.cloud/apps/nvivo-15,installomator,nvivo15,dmg,yes,direct,download.qsrinternational.com,"$(curl -fsIL ""${downloadURL}"" | grep -i ""^location"" | awk '{print $2}' | awk -F'/' '{ print $6 }' | cut -d ""."" -f1-3)",8F4S7H8S59,,"( NVivo NVivoHelper ""Nvivo 15"" )",yes,custom: needs resolver,high
obd-auto-doctor,Obd Auto Doctor,https://appcatalog.cloud/apps/obd-auto-doctor,,,,,,,,,,,,manual-research,
object-info,Object Info,https://appcatalog.cloud/apps/object-info,,,,,,,,,,,,manual-research,
obs-studio,Obs Studio,https://appcatalog.cloud/apps/obs-studio,installomator,obs,dmg,review,github,obsproject/obs-studio,$(versionFromGit obsproject obs-studio ),2MMRE5MTB8,,,,review: duplicate of existing cask 'obs',high
offshoot,Offshoot,https://appcatalog.cloud/apps/offshoot,,,,,,,,,,,,manual-research,
okiocam-snapshot-and-recorder,Okiocam Snapshot And Recorder,https://appcatalog.cloud/apps/okiocam-snapshot-and-recorder,,,,,,,,,,,,manual-research,
ollamaspring,Ollamaspring,https://appcatalog.cloud/apps/ollamaspring,,,,,,,,,,,,manual-research,
ondesoft-spotify-converter,Ondesoft Spotify Converter,https://appcatalog.cloud/apps/ondesoft-spotify-converter,,,,,,,,,,,,manual-research,
onemenu,Onemenu,https://appcatalog.cloud/apps/onemenu,,,,,,,,,,,,manual-research,
onscreen-control,Onscreen Control,https://appcatalog.cloud/apps/onscreen-control,installomator,onscreencontrol,pkgInZip,review,direct,lmu.lge.com,$(echo $downloadFile | grep -o '[0-9].[0-9][0-9]'),5SKT5H4CPQ,com.LGSI.OnScreen-Control,,,review: REVIEW: broken. Installomator label 'onscreencontrol' is flagged broken (issue #,high
openphone,Openphone,https://appcatalog.cloud/apps/openphone,,,,,,,,,,,,manual-research,
optisigns-digital-signage,Optisigns Digital Signage,https://appcatalog.cloud/apps/optisigns-digital-signage,,,,,,,,,,,,manual-research,
oracle-java-jdk-17,Oracle Java Jdk 17,https://appcatalog.cloud/apps/oracle-java-jdk-17,,,,,,,,,,,,manual-research,
oracle-java-jdk-21,Oracle Java Jdk 21,https://appcatalog.cloud/apps/oracle-java-jdk-21,,,,,,,,,,,,manual-research,
oracle-java-jdk-22,Oracle Java Jdk 22,https://appcatalog.cloud/apps/oracle-java-jdk-22,,,,,,,,,,,,manual-research,
oracle-java-jdk-23,Oracle Java Jdk 23,https://appcatalog.cloud/apps/oracle-java-jdk-23,,,,,,,,,,,,manual-research,
oracle-java-jdk-24,Oracle Java Jdk 24,https://appcatalog.cloud/apps/oracle-java-jdk-24,,,,,,,,,,,,manual-research,
oracle-java-jdk-25,Oracle Java Jdk 25,https://appcatalog.cloud/apps/oracle-java-jdk-25,,,,,,,,,,,,manual-research,
origami-3,Origami 3,https://appcatalog.cloud/apps/origami-3,,,,,,,,,,,,manual-research,
otter,Otter,https://appcatalog.cloud/apps/otter,,,,,,,,,,,,manual-research,
owasp-zap,Owasp Zap,https://appcatalog.cloud/apps/owasp-zap,,,,,,,,,,,,manual-research,
padlet,Padlet,https://appcatalog.cloud/apps/padlet,,,,,,,,,,,,manual-research,
palettebrain,Palettebrain,https://appcatalog.cloud/apps/palettebrain,,,,,,,,,,,,manual-research,
pandasuite-studio,Pandasuite Studio,https://appcatalog.cloud/apps/pandasuite-studio,,,,,,,,,,,,manual-research,
particulars,Particulars,https://appcatalog.cloud/apps/particulars,installomator,particulars,pkg,yes,direct,particulars.app,"$(curl -fsI ""${downloadURL}"" | grep -i location | grep -oE ""[0-9]+\.[0-9]+"")",2Z25XDNP2X,net.glencode.Particulars,( NONE ),,in-registry,high
password-depot,Password Depot,https://appcatalog.cloud/apps/password-depot,autopkg,,,,dynamic-scrape,www.password-depot.de,,,,,,autopkg-sourced-format-tbd,high
patch-desktop,Patch Desktop,https://appcatalog.cloud/apps/patch-desktop,,,,,,,,,,,,manual-research,
patternodes,Patternodes,https://appcatalog.cloud/apps/patternodes,,,,,,,,,,,,manual-research,
pdfsail,Pdfsail,https://appcatalog.cloud/apps/pdfsail,,,,,,,,,,,,manual-research,
peakto,Peakto,https://appcatalog.cloud/apps/peakto,,,,,,,,,,,,manual-research,
peazip,Peazip,https://appcatalog.cloud/apps/peazip,,,,,,,,,,,,manual-research,
pgmagic,Pgmagic,https://appcatalog.cloud/apps/pgmagic,,,,,,,,,,,,manual-research,
photos-workbench,Photos Workbench,https://appcatalog.cloud/apps/photos-workbench,,,,,,,,,,,,manual-research,
phraseexpress,Phraseexpress,https://appcatalog.cloud/apps/phraseexpress,autopkg,,,,dynamic-scrape,www.phraseexpress.com,,,,,,autopkg-sourced-format-tbd,high
pique,Pique,https://appcatalog.cloud/apps/pique,installomator,pique,pkg,yes,github,macadmins/pique,$(versionFromGit macadmins pique ),T4SK8ZXCXG,io.macadmins.Pique,,,in-registry,high
pix,Pix,https://appcatalog.cloud/apps/pix,,,,,,,,,,,,manual-research,
pix-3,Pix 3,https://appcatalog.cloud/apps/pix-3,autopkg,,,,dynamic-scrape,,,,,,,autopkg-sourced-format-tbd,high
pixillion,Pixillion,https://appcatalog.cloud/apps/pixillion,,,,,,,,,,,,manual-research,
plantronics-hub,Plantronics Hub,https://appcatalog.cloud/apps/plantronics-hub,installomator,plantronicshub,pkgInDmg,review,direct,www.poly.com,"$(curl -fs ""https://www.poly.com/in/en/support/knowledge-base/kb-article-page?lang=en_US&urlName=Hub-Release-Notes&type=Product_Information__kav"" | grep -o ""(*.*<span>)"" | head -1 | cut -d ""("" -f2 | sed 's/\<\/span\>//g' | cut -d ""<"" -f1)",SKWK2Q7JJV,,,,review: REVIEW: discontinued. https://www.poly.com/content/dam/www/software/PlantronicsH,high
poll-everywhere,Poll Everywhere,https://appcatalog.cloud/apps/poll-everywhere,installomator,polleverywhere,dmg,yes,direct,polleverywhere-app.s3.amazonaws.com,"$(curl -fsL https://www.polleverywhere.com/app/releases/mac | grep h3 --max-count 1 | awk '{ gsub(/<\/?h3>/, """"); print }')",W48F3X5M8W,,,,in-registry,high
poly-lens-desktop,Poly Lens Desktop,https://appcatalog.cloud/apps/poly-lens-desktop,,,,,,,,,,,,manual-research,
postlab,Postlab,https://appcatalog.cloud/apps/postlab,,,,,,,,,,,,manual-research,
powermymac,Powermymac,https://appcatalog.cloud/apps/powermymac,,,,,,,,,,,,manual-research,
praxislive,Praxislive,https://appcatalog.cloud/apps/praxislive,,,,,,,,,,,,manual-research,
prelude-operator,Prelude Operator,https://appcatalog.cloud/apps/prelude-operator,,,,,,,,,,,,manual-research,
print-window,Print Window,https://appcatalog.cloud/apps/print-window,,,,,,,,,,,,manual-research,
prisma-access-browser,Prisma Access Browser,https://appcatalog.cloud/apps/prisma-access-browser,autopkg,,,,sparkle/feed,release-manager.us.gs.talon-sec.com,,,,,yes,autopkg-sourced-format-tbd,high
projectplace,Projectplace,https://appcatalog.cloud/apps/projectplace,installomator,projectplace,dmg,review,direct,service.projectplace.com,,8333HW99E8,,,,"review: REVIEW: unversioned, no livecheck. https://service.projectplace.com/client_apps/",high
psso-utility,Psso Utility,https://appcatalog.cloud/apps/psso-utility,,,,,,,,,,,,manual-research,
pulseway,Pulseway,https://appcatalog.cloud/apps/pulseway,,,,,,,,,,,,manual-research,
python-3,Python 3,https://appcatalog.cloud/apps/python-3,autopkg,,,,dynamic-scrape,www.python.org,,,,,,autopkg-sourced-format-tbd,high
quickrecorder,Quickrecorder,https://appcatalog.cloud/apps/quickrecorder,,,,,,,,,,,,manual-research,
quilt,Quilt,https://appcatalog.cloud/apps/quilt,,,,,,,,,,,,manual-research,
r-remote,R Remote,https://appcatalog.cloud/apps/r-remote,,,,,,,,,,,,manual-research,
receipts-space,Receipts Space,https://appcatalog.cloud/apps/receipts-space,,,,,,,,,,,,manual-research,
relagit,Relagit,https://appcatalog.cloud/apps/relagit,,,,,,,,,,,,manual-research,
remote-utilities-agent,Remote Utilities Agent,https://appcatalog.cloud/apps/remote-utilities-agent,,,,,,,,,,,,manual-research,
remote-utilities-viewer,Remote Utilities Viewer,https://appcatalog.cloud/apps/remote-utilities-viewer,,,,,,,,,,,,manual-research,
renameninja,Renameninja,https://appcatalog.cloud/apps/renameninja,,,,,,,,,,,,manual-research,
reqres,Reqres,https://appcatalog.cloud/apps/reqres,,,,,,,,,,,,manual-research,
responsivelyapp,Responsivelyapp,https://appcatalog.cloud/apps/responsivelyapp,,,,,,,,,,,,manual-research,
rhino-7,Rhino 7,https://appcatalog.cloud/apps/rhino-7,installomator,rhino7,dmg,review,sparkle/feed,,"$(echo ""$sparkleFeed"" | xpath '(//rss/channel/item/enclosure/@sparkle:shortVersionString[1]' 2>/dev/null | cut -d '""' -f 2 | cut -d ' ' -f 1)",D6XDM4N99E,,,yes,"review: REVIEW: paid, gated. Rhino is commercial (McNeel). No public unauthenticated ver",high
rhino-8,Rhino 8,https://appcatalog.cloud/apps/rhino-8,installomator,rhino8,dmg,review,sparkle/feed,,"$(echo ""$sparkleFeed"" | xpath '(//rss/channel/item/enclosure/@sparkle:shortVersionString)[1]' 2>/dev/null | cut -d '""' -f 2 | cut -d ' ' -f 1)",D6XDM4N99E,,,yes,"review: REVIEW: paid, gated. Same as rhino-7: commercial McNeel app, download behind com",high
rocketsim,Rocketsim,https://appcatalog.cloud/apps/rocketsim,,,,,,,,,,,,manual-research,
root3-support-app,Root3 Support App,https://appcatalog.cloud/apps/root3-support-app,,,,,,,,,,,,manual-research,
rstudio-desktop,Rstudio Desktop,https://appcatalog.cloud/apps/rstudio-desktop,,,,,,,,,,,,manual-research,
rumplet,Rumplet,https://appcatalog.cloud/apps/rumplet,,,,,,,,,,,,manual-research,
rumpus,Rumpus,https://appcatalog.cloud/apps/rumpus,,,,,,,,,,,,manual-research,
sapmachine-manager,Sapmachine Manager,https://appcatalog.cloud/apps/sapmachine-manager,autopkg,,,,github,sap/sapmachine-manager-for-macos,,,,,,autopkg-sourced-format-tbd,high
scratch-link,Scratch Link,https://appcatalog.cloud/apps/scratch-link,,,,,,,,,,,,manual-research,
screen-share,Screen Share,https://appcatalog.cloud/apps/screen-share,,,,,,,,,,,,manual-research,
screencloud-player,Screencloud Player,https://appcatalog.cloud/apps/screencloud-player,installomator,screencloudplayer,dmg,yes,dynamic-scrape,screencloud.com,$( echo $downloadURL | sed -e 's/.*\/ScreenCloud.*\-\([0-9.]*\)\.dmg/\1/g' ),3C4F953K6P,,,,in-registry,high
screenflow-hal-audio-driver,Screenflow Hal Audio Driver,https://appcatalog.cloud/apps/screenflow-hal-audio-driver,,,,,,,,,,,,manual-research,
screenml,Screenml,https://appcatalog.cloud/apps/screenml,,,,,,,,,,,,manual-research,
scribe-desktop,Scribe Desktop,https://appcatalog.cloud/apps/scribe-desktop,autopkg,,,,sparkle/feed,colony-labs-public.s3.us-east-2.amazonaws.com,,,,,,autopkg-sourced-format-tbd,high
script2pkg,Script2Pkg,https://appcatalog.cloud/apps/script2pkg,autopkg,,,,github,sap/script-to-package-tool-for-macos,,,,,,autopkg-sourced-format-tbd,high
scrutiny,Scrutiny,https://appcatalog.cloud/apps/scrutiny,,,,,,,,,,,,manual-research,
setup-checklist,Setup Checklist,https://appcatalog.cloud/apps/setup-checklist,,,,,,,,,,,,manual-research,
setup-manager,Setup Manager,https://appcatalog.cloud/apps/setup-manager,,,,,,,,,,,,manual-research,
sforzando,Sforzando,https://appcatalog.cloud/apps/sforzando,,,,,,,,,,,,manual-research,
shellhistory,Shellhistory,https://appcatalog.cloud/apps/shellhistory,,,,,,,,,,,,manual-research,
shellleap,Shellleap,https://appcatalog.cloud/apps/shellleap,,,,,,,,,,,,manual-research,
shells,Shells,https://appcatalog.cloud/apps/shells,,,,,,,,,,,,manual-research,
shokz-connect,Shokz Connect,https://appcatalog.cloud/apps/shokz-connect,,,,,,,,,,,,manual-research,
shortcut-bar,Shortcut Bar,https://appcatalog.cloud/apps/shortcut-bar,,,,,,,,,,,,manual-research,
sidebar,Sidebar,https://appcatalog.cloud/apps/sidebar,autopkg,,,,sparkle/feed,download.sidebarapp.net,,,,,,autopkg-sourced-format-tbd,high
signiant-app,Signiant App,https://appcatalog.cloud/apps/signiant-app,installomator,signiantapp,dmg,yes,dynamic-scrape,updates.signiant.com,"""$(echo $downloadURL | sed -E 's/.*Signiant_App_([0-9]+(\.[0-9]+)*)\.dmg/\1/')""",U6ZZ4QLU4Q,,,,in-registry,high
sketchup-pro-2021,Sketchup Pro 2021,https://appcatalog.cloud/apps/sketchup-pro-2021,,,,,,,,,,,yes,manual-research,
sketchup-pro-2022,Sketchup Pro 2022,https://appcatalog.cloud/apps/sketchup-pro-2022,,,,,,,,,,,yes,manual-research,
sketchup-pro-2023,Sketchup Pro 2023,https://appcatalog.cloud/apps/sketchup-pro-2023,,,,,,,,,,,yes,manual-research,
sketchup-viewer,Sketchup Viewer,https://appcatalog.cloud/apps/sketchup-viewer,installomator,sketchupviewer,dmg,no,dynamic-scrape,www.sketchup.com,,J8PVMCY7KL,,,,"ineligible: SketchUp Viewer for Desktop discontinued; ""Beginning April 22, 2025, SketchUp Vi",high
skopos-agent,Skopos Agent,https://appcatalog.cloud/apps/skopos-agent,,,,,,,,,,,,manual-research,
sleeve,Sleeve,https://appcatalog.cloud/apps/sleeve,,,,,,,,,,,,manual-research,
slido-for-powerpoint,Slido For Powerpoint,https://appcatalog.cloud/apps/slido-for-powerpoint,,,,,,,,,,,,manual-research,
smart-mirror-app,Smart Mirror App,https://appcatalog.cloud/apps/smart-mirror-app,,,,,,,,,,,,manual-research,
smotrite,Smotrite,https://appcatalog.cloud/apps/smotrite,,,,,,,,,,,,manual-research,
smugmug,Smugmug,https://appcatalog.cloud/apps/smugmug,,,,,,,,,,,,manual-research,
snapgene,Snapgene,https://appcatalog.cloud/apps/snapgene,autopkg,,,,dynamic-scrape,www.snapgene.com,,,,,,autopkg-sourced-format-tbd,high
sniffnet,Sniffnet,https://appcatalog.cloud/apps/sniffnet,,,,,,,,,,,,manual-research,
soundfield-by-rode,Soundfield By Rode,https://appcatalog.cloud/apps/soundfield-by-rode,,,,,,,,,,,,manual-research,
soundly,Soundly,https://appcatalog.cloud/apps/soundly,installomator,soundly,dmg,review,direct,storage.googleapis.com,,67Y6N7VTDG,,,,review: Only an unversioned always-latest dmg: https://storage.googleapis.com/soundlyapp,high
soundq,Soundq,https://appcatalog.cloud/apps/soundq,autopkg,,,,dynamic-scrape,www.prosoundeffects.com,,,,,,autopkg-sourced-format-tbd,high
spacesuit,Spacesuit,https://appcatalog.cloud/apps/spacesuit,,,,,,,,,,,,manual-research,
spark-desktop,Spark Desktop,https://appcatalog.cloud/apps/spark-desktop,autopkg,,,,dynamic-scrape,sparkmailapp.com,,,,,,autopkg-sourced-format-tbd,high
speediness,Speediness,https://appcatalog.cloud/apps/speediness,,,,,,,,,,,,manual-research,
splashtop-sos,Splashtop Sos,https://appcatalog.cloud/apps/splashtop-sos,installomator,splashtopsos,dmg,review,direct,download.splashtop.com,,CPQQ3AW49Y,,,,review: Only an unversioned always-latest dmg: https://download.splashtop.com/sos/Splash,high
spyder-x-elite,Spyder X Elite,https://appcatalog.cloud/apps/spyder-x-elite,,,,,,,,,,,,manual-research,
spyder-x-pro,Spyder X Pro,https://appcatalog.cloud/apps/spyder-x-pro,,,,,,,,,,,,manual-research,
squirreldisk,Squirreldisk,https://appcatalog.cloud/apps/squirreldisk,,,,,,,,,,,,manual-research,
starface,Starface,https://appcatalog.cloud/apps/starface,,,,,,,,,,,,manual-research,
startup-manager-pro,Startup Manager Pro,https://appcatalog.cloud/apps/startup-manager-pro,autopkg,,,,sparkle/feed,startupmanager.appmac.fr,,,,,,autopkg-sourced-format-tbd,high
station,Station,https://appcatalog.cloud/apps/station,,,,,,,,,,,,manual-research,
statusbuddy,Statusbuddy,https://appcatalog.cloud/apps/statusbuddy,,,,,,,,,,,,manual-research,
stream-deck,Stream Deck,https://appcatalog.cloud/apps/stream-deck,autopkg,,,,dynamic-scrape,gc-updates.elgato.com,,,,,,autopkg-sourced-format-tbd,high
streamline,Streamline,https://appcatalog.cloud/apps/streamline,,,,,,,,,,,,manual-research,
strongdm,Strongdm,https://appcatalog.cloud/apps/strongdm,installomator,strongdm,dmg,yes,direct,app.strongdm.com,"$(curl -fsLIXGET ""https://app.strongdm.com/downloads/client/darwin"" | grep -i ""^content-disposition"" | sed -e 's/.*filename\=\""SDM\-\(.*\)\.dmg\"".*/\1/')",W5HSYBBJGA,,"( ""SDM"" )",,custom: needs resolver,high
studies,Studies,https://appcatalog.cloud/apps/studies,,,,,,,,,,,,manual-research,
studio-viewer,Studio Viewer,https://appcatalog.cloud/apps/studio-viewer,,,,,,,,,,,,manual-research,
substage,Substage,https://appcatalog.cloud/apps/substage,,,,,,,,,,,,manual-research,
supavdo,Supavdo,https://appcatalog.cloud/apps/supavdo,,,,,,,,,,,,manual-research,
supercharge,Supercharge,https://appcatalog.cloud/apps/supercharge,,,,,,,,,,,,manual-research,
supercorners,Supercorners,https://appcatalog.cloud/apps/supercorners,,,,,,,,,,,,manual-research,
surfdrive,Surfdrive,https://appcatalog.cloud/apps/surfdrive,installomator,surfdrive,pkg,review,dynamic-scrape,servicedesk.surf.nl,"$(curl -fs https://servicedesk.surf.nl/wiki/spaces/WIKI/pages/74225443/Desktop+client+login|grep -Eo ""(http|https)://[a-zA-Z0-9./?=_%:-]*"" | grep pkg | grep arm |cut -d -f2)",4AP2STM4H5,,"( ""surfdrive"" )",,review: Gated. Installomator source page (servicedesk.surf.nl/wiki/.../74225443) is logi,high
swiftcord,Swiftcord,https://appcatalog.cloud/apps/swiftcord,,,,,,,,,,,,manual-research,
swiftguard,Swiftguard,https://appcatalog.cloud/apps/swiftguard,,,,,,,,,,,,manual-research,
sym-helper,SYM-Helper,https://appcatalog.cloud/apps/sym-helper,installomator,symhelper,zip,yes,github,setup-your-mac/SYM-Helper,"""$(versionFromGit setup-your-mac SYM-Helper)""",PS2F6S478M,,,,in-registry,high
synology-active-backup-for-business-agent,Synology Active Backup For Business Agent,https://appcatalog.cloud/apps/synology-active-backup-for-business-agent,installomator,synologyactivebackupforbusinessagent,pkgInDmg,yes-nested,dynamic-scrape,archive.synology.com,"$(curl -sf https://archive.synology.com/download/Utility/ActiveBackupBusinessAgent | grep -m 1 /download/Utility/ActiveBackupBusinessAgent/ | sed ""s|.*>\(.*\)<.*|\\1|"" | sed ""s#.*-\(\)#\1#"")",X85BAK35Y4,com.synology.activebackup-agent,,,custom: needs resolver,high
synology-drive-client,Synology Drive Client,https://appcatalog.cloud/apps/synology-drive-client,installomator,synologydriveclient,pkgInDmg,yes-nested,direct,global.download.synology.com,"""$( echo $appFullVersion | sed ""s|.*-\(\)|\\1|"" )""",X85BAK35Y4,,,,custom: needs resolver,high
talkdesk,Talkdesk,https://appcatalog.cloud/apps/talkdesk,,,,,,,,,,,,manual-research,
teamwire,Teamwire,https://appcatalog.cloud/apps/teamwire,installomator,teamwire,dmg,yes,direct,desktop.teamwire.eu,$(curl -fsI $downloadURL | grep -i 'Location' | cut -d ' ' -f2 | sed 's|.*dist/v\([^/]*\).*|\1|'),2JCSJ44B3U,eu.teamwire.app,,,custom: needs resolver,high
tembo-2,Tembo 2,https://appcatalog.cloud/apps/tembo-2,autopkg,,,,sparkle/feed,www.houdah.com,,,,,,autopkg-sourced-format-tbd,high
tembo-3,Tembo 3,https://appcatalog.cloud/apps/tembo-3,autopkg,,,,sparkle/feed,www.houdah.com,,,,,,autopkg-sourced-format-tbd,high
teos-connect,Teos Connect,https://appcatalog.cloud/apps/teos-connect,,,,,,,,,,,,manual-research,
text-on-tap-overlay,Text On Tap Overlay,https://appcatalog.cloud/apps/text-on-tap-overlay,,,,,,,,,,,,manual-research,
text-workflow,Text Workflow,https://appcatalog.cloud/apps/text-workflow,,,,,,,,,,,,manual-research,
textream,Textream,https://appcatalog.cloud/apps/textream,,,,,,,,,,,,manual-research,
textsoap,Textsoap,https://appcatalog.cloud/apps/textsoap,autopkg,,,,dynamic-scrape,unmarked.s3.amazonaws.com,,,,,,autopkg-sourced-format-tbd,high
things,Things,https://appcatalog.cloud/apps/things,installomator,things,zip,yes,direct,culturedcode.com,,JLMPQHK86H,,,,in-registry,high
tigervnc-viewer,Tigervnc Viewer,https://appcatalog.cloud/apps/tigervnc-viewer,,,,,,,,,,,,manual-research,
time-machine-inspector,Time Machine Inspector,https://appcatalog.cloud/apps/time-machine-inspector,,,,,,,,,,,,manual-research,
timebuzzer,Timebuzzer,https://appcatalog.cloud/apps/timebuzzer,,,,,,,,,,,,manual-research,
tinyweb,Tinyweb,https://appcatalog.cloud/apps/tinyweb,,,,,,,,,,,,manual-research,
trace,Trace,https://appcatalog.cloud/apps/trace,,,,,,,,,,,,manual-research,
trash-sweep,Trash Sweep,https://appcatalog.cloud/apps/trash-sweep,,,,,,,,,,,,manual-research,
trident,Trident,https://appcatalog.cloud/apps/trident,,,,,,,,,,,,manual-research,
trint,Trint,https://appcatalog.cloud/apps/trint,installomator,trint,zip,yes,direct,desktopapp.trint.com,"$(getJSONValue ""$(curl -fsL https://desktopapp.trint.com/updates/darwin/arm64/RELEASES.json)"" ""currentRelease"" )",4SN3PJXHG2,,,,custom: needs resolver,high
tweeten,Tweeten,https://appcatalog.cloud/apps/tweeten,,,,,,,,,,,,manual-research,
typewhisper,Typewhisper,https://appcatalog.cloud/apps/typewhisper,autopkg,,,,sparkle/feed,typewhisper.github.io,,,,,,autopkg-sourced-format-tbd,high
ultracompare,Ultracompare,https://appcatalog.cloud/apps/ultracompare,installomator,ultracompare,dmg,review,direct,downloads.ultraedit.com,"""""",2T4C9Y59FF,,,yes,review: Only an unversioned dmg https://downloads.ultraedit.com/main/uc/mac/UltraCompare,high
umbra,Umbra,https://appcatalog.cloud/apps/umbra,,,,,,,,,,,,manual-research,
universal-type-client,Universal Type Client,https://appcatalog.cloud/apps/universal-type-client,installomator,universaltypeclient,pkgInZip,yes-nested,dynamic-scrape,bin.extensis.com,"$(echo ""$downloadURL"" | awk -F'UTC-' '{split($2, a, ""-M""); print a[1]}' | tr '-' '.')",J6MMHGD9D6,,,yes,custom: needs resolver,high
upaste,Upaste,https://appcatalog.cloud/apps/upaste,,,,,,,,,,,,manual-research,
usb-network-gate,Usb Network Gate,https://appcatalog.cloud/apps/usb-network-gate,,,,,,,,,,,,manual-research,
usher,Usher,https://appcatalog.cloud/apps/usher,autopkg,,,,sparkle/feed,manytricks.com,,,,,,autopkg-sourced-format-tbd,high
utiluti,utiluti,https://appcatalog.cloud/apps/utiluti,installomator,utiluti,pkg,yes,github,scriptingosx/utiluti,"$(versionFromGit ""scriptingosx"" ""utiluti"")",JME5BW3F3R,com.scriptingosx.utiluti,( NONE ),,in-registry,high
utm-coordinate-converter,Utm Coordinate Converter,https://appcatalog.cloud/apps/utm-coordinate-converter,,,,,,,,,,,,manual-research,
vagon,Vagon,https://appcatalog.cloud/apps/vagon,,,,,,,,,,,,manual-research,
vectoraster,Vectoraster,https://appcatalog.cloud/apps/vectoraster,,,,,,,,,,,,manual-research,
vectorstyler,Vectorstyler,https://appcatalog.cloud/apps/vectorstyler,,,,,,,,,,,,manual-research,
vernier-graphical-analysis,Vernier Graphical Analysis,https://appcatalog.cloud/apps/vernier-graphical-analysis,autopkg,,,,dynamic-scrape,,,,,,,autopkg-sourced-format-tbd,high
videoproc-vlogger,Videoproc Vlogger,https://appcatalog.cloud/apps/videoproc-vlogger,,,,,,,,,,,,manual-research,
videostream,Videostream,https://appcatalog.cloud/apps/videostream,,,,,,,,,,,,manual-research,
vidmore-player,Vidmore Player,https://appcatalog.cloud/apps/vidmore-player,,,,,,,,,,,,manual-research,
vidmore-screen-recorder,Vidmore Screen Recorder,https://appcatalog.cloud/apps/vidmore-screen-recorder,,,,,,,,,,,,manual-research,
vidmore-video-enhancer,Vidmore Video Enhancer,https://appcatalog.cloud/apps/vidmore-video-enhancer,,,,,,,,,,,,manual-research,
viper-ftp,Viper Ftp,https://appcatalog.cloud/apps/viper-ftp,,,,,,,,,,,,manual-research,
visualz,Visualz,https://appcatalog.cloud/apps/visualz,installomator,visualz,dmg,yes,github,madchops1/visualz-releases,"""$(versionFromGit madchops1 visualz-releases)""",6RLU6426R3,,,,custom: needs resolver,high
vivi,Vivi,https://appcatalog.cloud/apps/vivi,installomator,vivi,pkg,yes,dynamic-scrape,api.vivi.io,"$(curl -fsIL https://api.vivi.io/mac | grep -i ""^location"" | awk ""{print $2}"" | sed -E ""s/.*\/[a-zA-Z]*-([0-9.]*)\..*/\1/g"")",3NRCUJ8TJC,au.com.viviaustralia.mac,,,custom: needs resolver,high
vocal,Vocal,https://appcatalog.cloud/apps/vocal,,,,,,,,,,,,manual-research,
voiceedge,Voiceedge,https://appcatalog.cloud/apps/voiceedge,,,,,,,,,,,,manual-research,
voices,Voices,https://appcatalog.cloud/apps/voices,,,,,,,,,,,,manual-research,
vonage-business,Vonage Business,https://appcatalog.cloud/apps/vonage-business,installomator,vonagebusiness,dmg,yes,direct,vbc-downloads.vonage.com,"$(curl -fs ""https://s3.amazonaws.com/vbcdesktop.vonage.com/prod/mac/latest-mac.yml"" | grep -i version | cut -w -f2)",E37FZSUGQP,,,,in-registry,high
vox-music-player,Vox Music Player,https://appcatalog.cloud/apps/vox-music-player,,,,,,,,,,,,manual-research,
wacom-driver,Wacom Driver,https://appcatalog.cloud/apps/wacom-driver,,,,,,,,,,,,manual-research,
walkme,Walkme,https://appcatalog.cloud/apps/walkme,autopkg,,,,dynamic-scrape,cdn.walkme.com,,,,,,autopkg-sourced-format-tbd,high
walkme-extension-for-safari,Walkme Extension For Safari,https://appcatalog.cloud/apps/walkme-extension-for-safari,,,,,,,,,,,,manual-research,
watchflower,Watchflower,https://appcatalog.cloud/apps/watchflower,,,,,,,,,,,,manual-research,
wavepad,Wavepad,https://appcatalog.cloud/apps/wavepad,,,,,,,,,,,,manual-research,
weave,Weave,https://appcatalog.cloud/apps/weave,,,,,,,,,,,,manual-research,
webfont,Webfont,https://appcatalog.cloud/apps/webfont,,,,,,,,,,,,manual-research,
webkiosk-8,Webkiosk 8,https://appcatalog.cloud/apps/webkiosk-8,,,,,,,,,,,,manual-research,
wework-print,Wework Print,https://appcatalog.cloud/apps/wework-print,,,,,,,,,,,,manual-research,
window-glue,Window Glue,https://appcatalog.cloud/apps/window-glue,,,,,,,,,,,,manual-research,
windsurf,Windsurf,https://appcatalog.cloud/apps/windsurf,installomator,windsurf,dmg,yes,dynamic-scrape,docs.devin.ai,"""$(basename ""$downloadURL"" .dmg | awk -F- '{print $NF}')""",83Z2LHX6XW,,,,custom: needs resolver,high
withsecure-elements,Withsecure Elements,https://appcatalog.cloud/apps/withsecure-elements,,,,,,,,,,,,manual-research,
wonderpen,Wonderpen,https://appcatalog.cloud/apps/wonderpen,,,,,,,,,,,,manual-research,
wondershare-mockitt,Wondershare Mockitt,https://appcatalog.cloud/apps/wondershare-mockitt,,,,,,,,,,,,manual-research,
workbrew,Workbrew,https://appcatalog.cloud/apps/workbrew,installomator,workbrew,pkg,yes,direct,console.workbrew.com,"""$(curl -sIL https://console.workbrew.com/downloads/macos | grep -i ""^content-disposition:"" | grep -o '[0-9]\+\.[0-9]\+\.[0-9]\+')""",676JW3JDLF,,,,custom: needs resolver,high
workplace-pure-client,Workplace Pure Client,https://appcatalog.cloud/apps/workplace-pure-client,,,,,,,,,,,,manual-research,
wudpecker,Wudpecker,https://appcatalog.cloud/apps/wudpecker,,,,,,,,,,,,manual-research,
xelion,Xelion,https://appcatalog.cloud/apps/xelion,,,,,,,,,,,,manual-research,
xink,Xink,https://appcatalog.cloud/apps/xink,installomator,xink,pkg,review,direct,downloads.xink.io,"$(curl -fs ""https://downloads.xink.io/macos/appcast"" | xpath '(//rss/channel/item/enclosure/@sparkle:version)[1]' 2>/dev/null | head -1 | cut -d '""' -f 2)",F287823HVS,com.emailsignature.Xink,,,review: account-gated SaaS email-signature client; download https://downloads.xink.io/ma,high
xmledita,Xmledita,https://appcatalog.cloud/apps/xmledita,,,,,,,,,,,,manual-research,
xmlmind,Xmlmind,https://appcatalog.cloud/apps/xmlmind,,,,,,,,,,,,manual-research,
xnresize,Xnresize,https://appcatalog.cloud/apps/xnresize,,,,,,,,,,,,manual-research,
yodel,Yodel,https://appcatalog.cloud/apps/yodel,,,,,,,,,,,,manual-research,
yoyotta,Yoyotta,https://appcatalog.cloud/apps/yoyotta,,,,,,,,,,,,manual-research,
zaxconvert,Zaxconvert,https://appcatalog.cloud/apps/zaxconvert,,,,,,,,,,,,manual-research,
zerotier,Zerotier,https://appcatalog.cloud/apps/zerotier,installomator,zerotier,pkg,review,direct,download.zerotier.com,$(versionFromGit zerotier ZeroTierOne ),8ZD9JUCZ4V,com.zerotier.pkg.ZeroTierOne,,,review: duplicate of existing Homebrew cask zerotier-one (ZeroTier One),high
zoho-workdrive-genie,Zoho Workdrive Genie,https://appcatalog.cloud/apps/zoho-workdrive-genie,installomator,zohoworkdrivegenie,dmg,review,direct,www.zoho.com,,TZ824L8Y37,,,,"review: download confirmed (200, ~55MB) https://www.zoho.com/workdrive/downloads/edit-to",high
zoom-workplace,Zoom Workplace,https://appcatalog.cloud/apps/zoom-workplace,,,,,,,,,,,,manual-research,
