slug	status	registry_row	confidence	notes
acoustica	review		med	Acon Digital Acoustica (v7.7.8, bundle com.AconDigital.Acoustica). Reason: gated. Vendor downloads are account/login-only (acondigital.com routes to store/account; no public trial dmg URL exposed). Only third-party/cracked dmgs found. Homepage 200: https://acondigital.com/products/acoustica
agenda	review		high	Agenda by Momenta B.V. Reason: mas-only. agenda.com offers only the Mac App Store (id1287445660); no vendor-hosted direct dmg. MacUpdate CDN redirect (download.macupdate.com) is not the vendor. Homepage 200: https://agenda.com/
airradar	row	airradar | AirRadar | Scans for wireless networks and maps signal strength with GPS | dmg | direct | https://www.koingosw.com/products/airradar/ | url=https://www.koingosw.com/products/airradar/download/airradar.dmg;vers=https://www.koingosw.com/products/airradar/;vregex=Version (\d+(?:\.\d+)+)	high	"Koingo Software. Verified dmg HTTP 200 (application/x-apple-diskimage) at https://www.koingosw.com/products/airradar/download/airradar.dmg. Version 8.0 (""Version 8.0 - Released January 11, 2026"") on product page. URL is unversioned latest -> static url + version read live from product page via vregex."
akvis-airbrush	row	akvis-airbrush | AKVIS AirBrush | Turns photos into airbrush-style artwork | dmg | direct | https://akvis.com/en/airbrush/index.php | url=https://akvis-dl.sfo2.cdn.digitaloceanspaces.com/akvis-airbrush-app.dmg;vers=https://akvis.com/en/airbrush/index.php;vregex=AirBrush (\d+(?:\.\d+)+)	high	"AKVIS family (DigitalOcean Spaces CDN, unversioned latest dmg). Verified dmg HTTP 200. Version 9.6 (page title ""AKVIS AirBrush 9.6""). verified: auto-added (CDN host != homepage). vers=product page reads current version."
akvis-artifact-remover-ai	row	akvis-artifact-remover-ai | AKVIS Artifact Remover AI | Removes JPEG compression artifacts using neural networks | dmg | direct | https://akvis.com/en/artifact-remover/index.php | url=https://akvis-dl.sfo2.cdn.digitaloceanspaces.com/akvis-artifact-remover-app.dmg;vers=https://akvis.com/en/artifact-remover/index.php;vregex=Artifact Remover AI (\d+(?:\.\d+)+)	high	"AKVIS family. Verified dmg HTTP 200 at akvis-dl.sfo2.cdn.digitaloceanspaces.com/akvis-artifact-remover-app.dmg. Version 3.3 (download.php lists ""Artifact Remover AI 3.3""). Unversioned latest dmg; version read live from product page."
akvis-frames	row	akvis-frames | AKVIS Frames | Adds decorative frames and edge effects to photos | dmg | direct | https://akvis.com/en/frames/index.php | url=https://akvis-dl.sfo2.cdn.digitaloceanspaces.com/akvis-frames-app.dmg;vers=https://akvis.com/en/frames/index.php;vregex=Frames (\d+(?:\.\d+)+)	high	"AKVIS family. Verified dmg HTTP 200 at akvis-dl.sfo2.cdn.digitaloceanspaces.com/akvis-frames-app.dmg. Version 8.1 (download.php lists ""Frames 8.1""). Unversioned latest dmg; version read live from product page."
alarm-clock-pro	row	alarm-clock-pro | Alarm Clock Pro | Schedules alarms, reminders, and timed events with audio playback | dmg | direct | https://www.koingosw.com/products/alarmclockpro/ | url=https://www.koingosw.com/products/alarmclockpro/download/alarmclockpro.dmg;vers=https://www.koingosw.com/products/alarmclockpro/;vregex=Version (\d+(?:\.\d+)+)	high	"Koingo Software. Verified dmg HTTP 200 (application/x-apple-diskimage). Version 15.9.3 (""Version 15.9.3 - Released December 22, 2025"") on product page. Unversioned latest dmg; version read live from product page."
alivecolors	row	alivecolors | AliveColors | Image editor with painting, retouching, and AI-based effects | dmg | direct | https://alivecolors.com/en/index.php | url=https://alivecolors.sfo2.cdn.digitaloceanspaces.com/alivecolors.dmg;vers=https://alivecolors.com/en/download.php;vregex=AliveColors (\d+(?:\.\d+)+)	med	"AKVIS-made, separate domain. Verified dmg HTTP 200 (application/x-apple-diskimage, 2.76 GB) at alivecolors.sfo2.cdn.digitaloceanspaces.com/alivecolors.dmg. Version 11.2 (build 11.2.5301, May 2026). Download page shows ""Mac-version will be available soon"" caption but the dmg file is live and current -> med confidence. verified: auto-added (CDN host != homepage)."
amazon-corretto-11	review		high	duplicate of existing Homebrew cask corretto@11
amazon-corretto-17	review		high	duplicate of existing Homebrew cask corretto@17
amazon-corretto-21	review		high	duplicate of existing Homebrew cask corretto@21
amazon-corretto-22	review		med	EOL/non-LTS; Homebrew dropped corretto@22. Download exists arch-split: https://corretto.aws/downloads/resources/22.0.2.9.1/amazon-corretto-22.0.2.9.1-macosx-{x64,aarch64}.pkg ; livecheck github corretto/corretto-22. Authorable as source=custom if Fleet still wants 22.
amazon-corretto-8	review		high	duplicate of existing Homebrew cask corretto@8
anaconda-navigator	review		high	Reason: duplicate. Anaconda Navigator is not a standalone installer; it ships inside the Anaconda3 distribution, already packaged as cask 'anaconda' (v2025.12-2, https://repo.anaconda.com/archive/Anaconda3-2025.12-2-MacOSX-arm64.sh). A standalone Navigator pkg/dmg does not exist; the archive .pkg is the full distribution, not Navigator alone.
anka	review		high	Reason: exists. 'anka' resolves to Anka Virtualization (veertu-latest redirects to downloads.veertu.com/anka/Anka-3.9.0.215.pkg), already shipped as cask 'anka-virtualization' (v3.9.0.215). No new PR needed.
apache-netbeans-15	review		high	Reason: exists. The Friends-of-Apache-NetBeans/netbeans-installers repo is already shipped as cask 'netbeans' (tracks latest, currently nb30-zulu25 = NetBeans 30). homebrew-cask does not keep version-pinned old majors, so a NetBeans-15-pinned cask is not accepted. Homepage 200: https://netbeans.apache.org/
app-cleaner-and-uninstaller	review		high	"Reason: exists. Slug/name match Nektony ""App Cleaner & Uninstaller"" already shipped as cask 'app-cleaner'. The input Installomator expression actually points to freemacsoft AppCleaner (already cask 'appcleaner', v3.6.8). Either target already has a cask -> no new PR."
atlassian-companion	row	"atlassian-companion | Atlassian Companion | Edits Confluence and Jira attachments in their native apps | zip | direct | https://confluence.atlassian.com/display/DOC/Install+Atlassian+Companion | url=https://update-nucleus.atlassian.com/Atlassian-Companion/291cb34fe2296e5fb82b83a04704c9b4/darwin/x64/Atlassian%20Companion-darwin-x64-{v}.zip;vers=https://update-nucleus.atlassian.com/Atlassian-Companion/291cb34fe2296e5fb82b83a04704c9b4/darwin/x64/RELEASES.json;vregex=currentRelease""\s*:\s*""(\d+(?:\.\d+)+)"	high	Verified versioned zip HTTP 200 (148 MB) at .../darwin/x64/Atlassian%20Companion-darwin-x64-3.2.0.zip. Version 3.2.0 from RELEASES.json currentRelease. App is x64-only (Electron; Rosetta on Apple Silicon) -> may want caveats requires_rosetta; harness will read min OS from the app. verified: auto-added (update-nucleus host != confluence homepage).
automounter	row	automounter | AutoMounter | Mounts and remounts network file shares automatically | dmg | direct | https://www.pixeleyes.co.nz/automounter/ | url=https://www.pixeleyes.co.nz/automounter/AutoMounter.dmg;vers=https://www.pixeleyes.co.nz/automounter/version;vregex=[0-9]+(\.[0-9]+)+	high	Pixeleyes (team UKWABN4MGL). Verified dmg HTTP 200 (application/x-apple-diskimage). Version 1.13 returned plain-text by https://www.pixeleyes.co.nz/automounter/version (the Installomator version endpoint). Unversioned latest dmg; version read live from /version page. verified: auto-added (download host == homepage host -> may be dropped by audit).
aws-cli	row	aws-cli | AWS Command Line Interface | Unified tool to manage Amazon Web Services from the command line | pkg | direct | https://aws.amazon.com/cli/ | url=https://awscli.amazonaws.com/AWSCLIV2-{v}.pkg;vers=https://raw.githubusercontent.com/aws/aws-cli/v2/CHANGELOG.rst;vregex=[0-9]+(\.[0-9]+)+	high	"Verified versioned pkg HTTP 200 (55,436,229 bytes, identical size to AWSCLIV2.pkg latest) at https://awscli.amazonaws.com/AWSCLIV2-2.34.64.pkg. Version 2.34.64 is the top entry of CHANGELOG.rst (own line, ""====="" underline -> vregex matches). receipt com.amazon.aws.cli2, team 94KV3E626L. verified: auto-added (awscli.amazonaws.com != aws.amazon.com)."
azul-zulu-jdk-11	review		high	duplicate of existing Homebrew cask zulu@11
azul-zulu-jdk-17	review		high	duplicate of existing Homebrew cask zulu@17
azul-zulu-jdk-21	review		high	duplicate of existing Homebrew cask zulu@21
azul-zulu-jdk-8	review		high	duplicate of existing Homebrew cask zulu@8
beam-studio	custom		high	Reason: arch-split non-electron (custom JSON update feed, not latest-mac.yml). Version 2.5.14. Both dmgs verified HTTP 200: arm64 = https://beamstudio.s3-ap-northeast-1.amazonaws.com/mac-arm64/Beam+Studio+2.5.14.dmg ; intel = https://beamstudio.s3-ap-northeast-1.amazonaws.com/mac/Beam+Studio+2.5.14.dmg . Livecheck source: https://id.flux3dp.com/api/check-update?key=beamstudio-stable (JSON; arm64 under mac-arm64, intel under mac). Homepage 200: https://flux3dp.com/beam-studio/ . FLUX Inc.
brosix	row	brosix | Brosix | Secure instant messaging and collaboration client for teams | pkg | direct | https://www.brosix.com/download/ | url=https://downloads.brosix.com/builds/official/Brosix.pkg;vers=https://www.brosix.com/download/;vregex=version (\d+(?:\.\d+)+)	high	"Verified pkg HTTP 200 (application/octet-stream, 126,907,178 bytes). www.brosix.com/downloads/builds/official/Brosix.pkg 301-redirects to downloads.brosix.com host (use the resolved host). Version 5.2.1 (""version 5.2.1"" on download page). Team TA6P23NW8H. Unversioned latest pkg; version read live from download page. verified: auto-added (downloads.brosix.com != www.brosix.com)."
cakebrew	row	cakebrew | Cakebrew | Graphical interface to manage the Homebrew package manager | zip | direct | https://www.cakebrew.com | url=https://cakebrew-377a.kxcdn.com/cakebrew-{v}.zip;vers=https://www.cakebrew.com/appcast/profileInfo.php;vregex=[0-9]+(\.[0-9]+)+	high	Verified live: https://cakebrew-377a.kxcdn.com/cakebrew-1.3.zip = HTTP 200 application/zip. Version 1.3 (build 594) from Sparkle appcast profileInfo.php (shortVersionString). CDN host != homepage host so verified: auto-added. Homepage cakebrew.com 200.
capture-one	custom		high	Versioned dmg verified live: https://downloads.captureone.pro/d/mac/5b34e26779686357603e50d52e700a0b4b946199/CaptureOne.Mac.16.8.1.5.dmg = HTTP 200 application/x-apple-diskimage. Version 16.8.1.5. Livecheck (sparkle): https://www.captureone.com/update/capture-one-mac.xml (item[1] enclosure). CUSTOM because the download URL contains a per-release hash path segment (/d/mac/<hash>/) not derivable from version, so url cannot be templated.
cato-client	custom		high	Versioned pkg verified live: https://clients.catonetworks.com/macos/5.13.0.10208/CatoClient.pkg = HTTP 200 (binary). Version 5.13.0.10208 (Installomator reports 5.13.0). Livecheck: 301 redirect from https://clientdownload.catonetworks.com/public/clients/CatoClient.pkg -> Location header carries version (header_match). CUSTOM because version lives in a redirect Location header (not an HTML page), so the direct/page_match source does not fit; needs :header_match livecheck. Homepage catonetworks.com/sase 200.
cloudya	custom		high	"Versioned zip verified live: https://cdn.cloudya.com/cloudya-2.2.0-mac.zip = HTTP 200 application/zip. Version 2.2.0 from NFON downloads page. CUSTOM: appInDmgInZip - the zip contains cloudya-2.2.0.dmg (a DMG nested in the ZIP) which contains the .app; needs nested_container handling, not a plain zip/dmg artifact. Note ""nested"". Homepage nfon.com/de/service/downloads 200."
code42	custom		high	latest-mac.dmg 302-redirects to https://download-preservation.code42.com/installs/agent/cloud/12.6.0/33/install/Code42_12.6.0_15252000061260_33_Mac-x86-64.dmg = HTTP 200 (binary). Version 12.6.0. CUSTOM: pkgInDmg, x86-64-only build, filename embeds non-derivable build tokens (12.6.0_15252000061260_33) so url not templatable; resolve via the latest-mac.dmg redirect.
cricut-design-space	custom		high	Current version 9.72.68 confirmed live via Cricut API: https://apis.cricut.com/desktopdownload/UpdateJson?operatingSystem=osxnative&shard=a -> result -> latest.json rolloutVersion=9.72.68. Download is a time-limited SIGNED CloudFront URL (https://staticcontent.cricut.com/a/software/osx-native/CricutDesignSpace-Install.dmg?Expires=...&Signature=...) obtained via https://apis.cricut.com/desktopdownload/InstallerFile?...&fileName=CricutDesignSpace-Install-v9.72.68.dmg. CUSTOM: signed/expiring URL cannot be templated into a stable cask url.
daylite	custom		high	Latest version 2026.21.0 (build 20819) from Sparkle appcast https://www.daylite.app/appcasts/daylite.xml (was marketcircle.com/appcasts/daylite.xml, 301). Versioned enclosure verified present: https://www.daylite.app/appcasts/releases/daylitedma-releases-2026.21.0.b20819.2026-05-26-0955.zip. CUSTOM: enclosure URL embeds a build date stamp (.b20819.2026-05-26-0955) not derivable from version; the stable alias https://www.marketcircle.com/downloads/latest-daylite redirects to an unversioned latest-daylite.zip. Livecheck via the appcast.
dedoose	custom		high	"Verified live: https://downloads.dedoose.com/dedoose-app-releases/Dedoose-Mac.dmg = HTTP 200; content-disposition filename ""Dedoose-Mac-v10.1.5.dmg"" gives version 10.1.5. CUSTOM: download URL is unversioned (always-latest); version only available from the content-disposition header -> needs :header_match livecheck, which the direct/page_match source does not provide. Homepage dedoose.com 200."
depnotify	custom		high	Verified live: https://files.jamfconnect.com/DEPNotify.pkg = HTTP 200 (binary). Current version 1.1.6 from GitHub releases https://github.com/jamf/DEPNotify/releases (asset DEPNotify.pkg). CUSTOM: pkg URL is unversioned (always-latest) and hosted off-GitHub at files.jamfconnect.com, while the version/livecheck source is the GitHub releases page - does not fit github_tag (asset not on the release) nor versioned direct.
displaylink-manager	custom		high	Verified live: https://www.synaptics.com/sites/default/files/exe_files/2026-05/DisplayLink%20Manager%20Graphics%20Connectivity16.1-EXE.pkg = HTTP 200. Version 16.1 (released 2026-05-22) from https://www.synaptics.com/products/displaylink-graphics/downloads/macos. CUSTOM: pkg URL path embeds a non-derivable year-month folder (2026-05) and a space-laden filename; must be scraped from the product page (dynamic-scrape), so url is not templatable from version alone.
docker	custom		high	Verified live: https://desktop.docker.com/mac/main/arm64/Docker.dmg = HTTP 200. Current version 4.77.0 from Sparkle appcast https://desktop.docker.com/mac/main/arm64/appcast.xml. CUSTOM: download URL is unversioned always-latest (arch-split arm64/amd64 dmgs at fixed paths); livecheck via the appcast (:sparkle). Homepage docker.com/products/docker-desktop 200. (Note: a docker cask already exists in homebrew-cask.)
doctolib	review		low	"https://ddv-install.doctolib.fr/DoctolibProDesktop-latest-arm64.dmg = HTTP 200 but URL is an unversioned ""latest"" alias (arm64-only) with NO version in URL, headers, or any public version page; Installomator label provides no appNewVersion. No verifiable version or livecheck source -> cannot author honestly. Reason: no-version."
dragonframe-2024	row	dragonframe-2024 | Dragonframe 2024 | Stop-motion animation and time-lapse capture tool | pkg | direct | https://www.dragonframe.com/downloads/ | url=https://www.dragonframe.com/download/Dragonframe_{v}.pkg;vers=https://www.dragonframe.com/downloads/;vregex=2024\.[0-9]+\.[0-9]+	high	Verified live (Safari UA): https://www.dragonframe.com/download/Dragonframe_2024.09.3.pkg = HTTP 200 application/octet-stream. Latest 2024-series = 2024.09.3 (top of the 2024 list on the downloads page). Same host as homepage so no verified:. NOTE: dragonframe.com returns 406 to a bare curl/* UA but 200 to Ruby/browser UAs (brew's downloader+livecheck reach it); add user_agent: :fake at validation if brew download 406s.
dragonframe-2025	row	dragonframe-2025 | Dragonframe 2025 | Stop-motion animation and time-lapse capture tool | pkg | direct | https://www.dragonframe.com/downloads/ | url=https://www.dragonframe.com/download/Dragonframe_{v}.pkg;vers=https://www.dragonframe.com/downloads/;vregex=2025\.[0-9]+\.[0-9]+	high	Verified live (Safari UA): https://www.dragonframe.com/download/Dragonframe_2025.09.6.pkg = HTTP 200 application/octet-stream. Latest 2025-series = 2025.09.6 (top of the 2025 list). Same host as homepage so no verified:. Same UA-gating note as dragonframe-2024 (406 to bare curl, 200 to Ruby/browser UA).
dragonframe-5	row	dragonframe-5 | Dragonframe 5 | Stop-motion animation and time-lapse capture tool | pkg | direct | https://www.dragonframe.com/downloads/ | url=https://www.dragonframe.com/download/Dragonframe_{v}.pkg;vers=https://www.dragonframe.com/downloads/;vregex=5\.[0-9]+\.[0-9]+	high	Verified live (Safari UA): https://www.dragonframe.com/download/Dragonframe_5.2.8.pkg = HTTP 200 application/octet-stream. Latest v5-series = 5.2.8. bundle id com.dzed.Dragonframe5. Same host as homepage so no verified:. Same UA-gating note as dragonframe-2024 (406 to bare curl, 200 to Ruby/browser UA).
dstny	review		low	https://soft.dstny.se/dstny_mac.dmg = HTTP 200 application/octet-stream but URL is unversioned; only last-modified (2024-07-02) in headers, no version anywhere and no public version page or appcast. Installomator label gives no appNewVersion. No verifiable version/livecheck -> cannot author honestly. Reason: no-version.
epos-connect	review		med	Current Mac version 8.3.0.49911 (MacUpdater, 2025-09-22) but the direct .pkg URL cannot be verified: https://www.eposaudio.com/en/dk/software/epos-connect returns HTTP 403 to bots (Akamai) and the .pkg link is JS-rendered (curl/WebFetch scrape yields nothing). Also distributed via Mac App Store (id1531293584). Reason: gated.
everweb	custom		med	Live dmg https://www.ragesw.com/downloads/everweb/everweb.dmg (302 -> https://www.ragesw.com/files/everweb/everweb.dmg, 200 application/x-apple-diskimage, last-modified 2025-12-19). UNVERSIONED url (no versioned URL exists; legacy everweb<digits>.dmg pattern 404s for current). Current stable version 4.4.3 (changelog https://www.everwebapp.com/change-log/index.html). CUSTOM: url not version-templatable -> needs version :latest + sha256 :no_check; do NOT page_match the changelog (it lists 4.5.0 beta first while stable dmg is 4.4.3). homepage https://www.everwebapp.com/ (200).
final-draft-12	custom		high	Live zip https://www.finaldraft.com/downloads/finaldraft12011Mac.zip (200 application/zip, 133MB). Version 12.0.11 (filename digits 12011, scraped from https://www.finaldraft.com/support/install-final-draft/install-final-draft-12-macintosh/ which 200s). appInDmgInZip = .app inside .dmg inside .zip (3-level nested) -> CUSTOM: harness inspector cannot unwrap dmg-in-zip; filename strips dots (12.0.11->12011). Livecheck: page_match install page for finaldraft(\d+)Mac.zip. homepage https://www.finaldraft.com (200).
final-draft-13	custom		high	Live zip https://www.finaldraft.com/downloads/finaldraft1332Mac.zip (200 application/zip, 127MB). Version 13.3.2 (filename digits 1332, scraped from https://www.finaldraft.com/support/install-final-draft/install-final-draft-13-macintosh/ which 200s; min OS 12). appInDmgInZip (3-level nested) -> CUSTOM same as FD12: dmg-in-zip not inspectable by harness; dots stripped (13.3.2->1332). Livecheck: page_match install page. homepage https://www.finaldraft.com (200).
flowjo	custom		high	Arch-split dmgs (non-electron) verified 200: arm64 https://downloads.bdaccessportal.com/v11/mac/arm64/FlowJo-11.2.0-arm64.dmg (407MB), intel https://downloads.bdaccessportal.com/v11/mac/x64/FlowJo-11.2.0-x64.dmg (421MB). Version 11.2.0, min OS Ventura (13). CUSTOM: arch-split non-electron, no latest-mac.yml. Livecheck: scrape https://www.flowjo.com/flowjo/download for FlowJo-(\d+\.\d+\.\d+)-arm64.dmg. homepage https://www.flowjo.com (200).
grammarly	row	grammarly | Grammarly | Writing assistant for grammar, spelling, and style suggestions | dmg | direct | https://www.grammarly.com/desktop | url=https://download-mac.grammarly.com/versions/{v}/Grammarly.dmg;vers=https://download-mac.grammarly.com/appcast.xml;vregex=[0-9]+(\.[0-9]+)+	high	Sparkle appcast https://download-mac.grammarly.com/appcast.xml (200) gives version 1.169.1.0 (shortVersion 1.169.1) + versioned enclosure https://download-mac.grammarly.com/versions/1.169.1.0/Grammarly.dmg (verified 200, 104541427 bytes = same file as unversioned Grammarly.dmg). Use 4-part version 1.169.1.0 for URL path. Min OS 10.15 (catalina). verified: download-mac.grammarly.com auto-added (host != grammarly.com). bundle com.grammarly.ProjectLlama, team W8F64X92K3.
grasshopper	custom		low	Live dmg https://dl.grasshopper.com/Grasshopper.dmg (200 application/x-apple-diskimage, 207MB, last-modified 2026-02-24). UNVERSIONED url, NO version in headers/content-disposition and NO vendor version page found (third-party MacUpdate shows ~1.0.51, not authoritative). CUSTOM: needs version :latest + sha256 :no_check (no verifiable version source). bundle com.grasshopper.ghclient, team KD6L2PTK2Q. homepage https://grasshopper.com/ (200).
guardian-browser	custom		high	Electron arch-split with PER-ARCH latest-mac.yml feeds (version 3.14.0): arm feed https://production-archimedes-secure-browser-artifacts.s3.amazonaws.com/latest/mac-arm64/latest-mac.yml, intel feed .../latest/mac-x64/latest-mac.yml. Dmgs are UNVERSIONED (verified 200): arm https://production-archimedes-secure-browser-artifacts.s3.amazonaws.com/latest/mac-arm64/guardian-browser-arm64.dmg (264MB), intel .../latest/mac-x64/guardian-browser-x64.dmg (270MB). CUSTOM: two separate feeds + unversioned dmg filenames don't fit electron template (which needs one feed + versioned filenames). Proctoring browser, publicly downloadable. homepage https://guardian.meazurelearning.com/ (200).
huddly	custom		high	Live download https://app.huddly.com/download/latest/osx (200, content-disposition filename Huddly-3.6.3-osx-x64.dmg, 98MB). Version 3.6.3 from content-disposition; x64-only (osx-arm64/osx-universal 404). UNVERSIONED url -> CUSTOM: version only in content-disposition header (header_match livecheck), url not version-templatable. App is x64 (add caveats requires_rosetta on arm). homepage https://www.huddly.com (200), team J659R47HZT.
hudl-sportscode	custom		high	Live nested zip https://sportscode64-updates.s3.amazonaws.com/PublicReleaseDmgs/HudlSportscode-12.81.1.dmg.zip (200 application/zip, 127MB). Version 12.81.1, requires Sequoia 15.0+ (per hudl.com/downloads/elite, 200). appInDmgInZip = dmg-in-zip (nested) -> CUSTOM: harness inspector cannot unwrap dmg-in-zip. url is version-templatable (HudlSportscode-{v}.dmg.zip) but no clean static version page (elite page is JS-rendered). depends_on macos: :sequoia. homepage https://www.hudl.com/downloads/elite (200), team 4M6T2C723P.
hudl-studio	row	hudl-studio | Hudl Studio | Creates animated sports graphics and telestration for video | dmg | direct | https://www.hudl.com/downloads/elite | url=https://studio-releases.s3.amazonaws.com/Studio-{v}.dmg;version=2.2.8	high	Live versioned dmg https://studio-releases.s3.amazonaws.com/Studio-2.2.8.dmg (verified 200, 260MB). Version 2.2.8 (per hudl.com/downloads/elite, 200), min OS Monterey (12). Used bare version=2.2.8: elite page is JS-rendered (no static version) and S3 listing sorts 'Studio (alpha)' builds before stable so page_match is unreliable. verified: studio-releases.s3.amazonaws.com auto-added. Livecheck TODO (add later); team 2YLQ7PASUE. depends_on macos: :monterey.
ipsw-updater	custom		high	Live versioned zip https://ipsw.app/download/IPSWUpdater-v202604151.zip (verified 200 application/zip, 3.1MB). Version 2026.4.15-1 (top of release notes https://ipsw.app/download/updates.php, 200). CUSTOM: version (2026.4.15-1) != filename token (202604151, zero-padded month, dots/dash stripped) so not a clean {v} interpolation. Hosted on ipsw.app (GitHub freegeek-pdx/IPSW-Updater has no release assets). Livecheck: page_match updates.php. homepage https://ipsw.app/ (200), team YRW6NUGA63.
jamf-connect-configuration	custom		high	Shared dmg https://files.jamfconnect.com/JamfConnect.dmg (verified 200 application/x-apple-diskimage, 28MB, x-amz-meta-version: 3.10.0). Artifact for this token = 'Jamf Connect Configuration.app' (drag-install) inside the dmg. UNVERSIONED url; version 3.10.0 only in x-amz-meta-version response header. CUSTOM: version from header (header_match), url not version-templatable, and same dmg is shared with jamf-connect-login (different artifact). homepage https://www.jamf.com/products/jamf-connect/ (200), team 483DWKW443.
jamf-connect-login	custom		high	Same shared dmg https://files.jamfconnect.com/JamfConnect.dmg (verified 200, x-amz-meta-version: 3.10.0). Artifact for this token = 'Jamf Connect.pkg' (pkgInDmg) inside the dmg (receipt com.jamf.connect.login; bundles JamfConnectLaunchAgent.pkg). UNVERSIONED url; version 3.10.0 from x-amz-meta-version header. CUSTOM: version from header (header_match), url not version-templatable, shared dmg with jamf-connect-configuration. homepage https://www.jamf.com/products/jamf-connect/ (200), team 483DWKW443.
lg-calibration-studio	custom		high	Live download https://gscs-b2c.lge.com/downloadFile?fileId=mp6Ez3DAnsO4r3HuzRaLfw (verified 200, content-disposition Mac_LCS_7.6.8.zip, 69MB). Version 7.6.8 (scraped from LG support page https://www.lg.com/us/support/product/lg-34WK95U-W.AUS, 200). pkgInZip = pkg inside zip. CUSTOM: download URL keyed by OPAQUE fileId (mp6Ez3...) that is NOT version-derived, so url not reconstructable from {v}; fileId+version must be re-scraped from the LG support page each release. Livecheck: page_match LG support page for 'LG Calibration Studio - version (X.Y.Z)'. homepage = that LG page (200), team 5SKT5H4CPQ.
lucidlink	row	lucidlink | LucidLink | Streams files from cloud object storage as a local drive | pkg | direct | https://www.lucidlink.com/download | url=https://d3il9duqikhdqy.cloudfront.net/latest/osx/lucid-{v}.pkg;version=2.10.8237	high	Vendor URL https://www.lucidlink.com/download/latest/osx/stable 308-redirects to versioned cloudfront pkg https://d3il9duqikhdqy.cloudfront.net/latest/osx/lucid-2.10.8237.pkg (verified 200 application/vnd.apple.installer+xml, 372MB). Version 2.10.8237. Used bare version (version lives only in the redirect Location header, no HTML version page). RECOMMENDED livecheck = :header_match on https://www.lucidlink.com/download/latest/osx/stable regex lucid-(\d+(?:\.\d+)+)\.pkg (direct source emits page_match only; switch to header_match on-Mac). verified: cloudfront host auto-added. team Y4KMJPU2B4.
luna-display	row	luna-display | Luna Display | Turns an iPad or second device into an external display | dmg | direct | https://astropad.com/getting-started/luna-display/ | url=https://downloads.astropad.com/luna/mac/LunaDisplay-{v}.dmg;version=5.3.8.4999	high	Vendor URL https://downloads.astropad.com/luna/mac/latest 301-redirects to versioned dmg https://downloads.astropad.com/luna/mac/LunaDisplay-5.3.8.4999.dmg (verified 200 application/x-apple-diskimage, 51MB). Version 5.3.8.4999. Used bare version (version only in redirect Location header, no HTML version page). RECOMMENDED livecheck = :header_match on https://downloads.astropad.com/luna/mac/latest regex LunaDisplay-(\d+(?:\.\d+)+)\.dmg (direct emits page_match only; switch to header_match on-Mac). verified: downloads.astropad.com auto-added. homepage https://astropad.com/getting-started/luna-display/ (200), team 8356ZZ8Y5K.
masv	row	masv | MASV | Transfers large media files at high speed | dmg | electron | https://massive.io | feed=https://dl.massive.io/latest-mac.yml;universal=masv-{v}-universal	high	electron-builder latest-mac.yml https://dl.massive.io/latest-mac.yml (200 text/yaml) gives version 2.11.5 + universal dmg masv-2.11.5-universal.dmg (verified 200 application/x-apple-diskimage, 229616504 bytes = same file as unversioned MASV.dmg). Single universal dmg. livecheck :electron_builder. homepage https://massive.io (200), team VHKX7RCAY7.
mestrenova	row	mestrenova | Mestrenova | Processes and analyzes NMR, LC/GC/MS and other analytical chemistry data | dmg | direct | https://mestrelab.com | url=https://mestrelab.com/downloads/mnova/mac/MestReNova-{v}.dmg;version=16.0.0-39276	med	Verified live 200 (application/x-apple-diskimage): https://mestrelab.com/downloads/mnova/mac/MestReNova-16.0.0-39276.dmg . Current = 16.0.0 build 39276 (confirmed via AutoPkg andrewvalentine recipe pattern MestReNova-<ver>-<build>.dmg + chemnmrlab.uchicago.edu/chemweb.ir 2026). Filename embeds build, so version=16.0.0-39276 (hyphen). Download page is JS-rendered/Cloudflare (not scrapable) so no page_match vers source; static version set. Audit will likely want a livecheck (none reliable) -> may need manual :page_match if Mestrelab exposes a static listing. Host=homepage host (mestrelab.com) so no verified:.
microsoft-company-portal	custom		high	Resolved via Microsoft AutoUpdate Sparkle feed https://officecdnmac.microsoft.com/pr/C1297A47-86C4-4C1F-97FA-950631F94777/MacAutoupdate/0409IMCP01.xml -> first dict Location=CompanyPortal_5.2604.1-Upgrade.pkg, then -Upgrade->-Installer. Versioned download (verified 200, application/octet-stream): https://res.public.onecdn.static.microsoft/mro1cdnstorage/C1297A47-86C4-4C1F-97FA-950631F94777/MacAutoupdate/CompanyPortal_5.2604.1-Installer.pkg . Version 5.2604.1. Livecheck = MAU appcast (:sparkle on 0409IMCP01.xml). Custom because: download URL derived from a Sparkle feed with a UUID CDN path + the -Upgrade->-Installer rewrite (not aka.ms), and the pkg bundles Microsoft AutoUpdate (needs pkg choices: deselect com.microsoft.autoupdate + quit: com.microsoft.autoupdate2). Homepage https://learn.microsoft.com/en-us/mem/intune/apps/apps-company-portal-macos (200).
microsoft-powershell	custom		high	Arch-split GitHub pkg release (PowerShell/PowerShell), tag v7.6.2. Both verified live 200: arm64 https://github.com/PowerShell/PowerShell/releases/download/v7.6.2/powershell-7.6.2-osx-arm64.pkg (sha256 d6645230f2cc8f8db5c5b2896c583e89d9299e6efedec0a55eed3d0963d01949) ; x64 https://github.com/PowerShell/PowerShell/releases/download/v7.6.2/powershell-7.6.2-osx-x64.pkg (sha256 5d96c383a86711bff39bc0c55fe50c3482696d10a256015f17bcb1d2658f1340). Version 7.6.2. Livecheck :github_latest. Custom because two separate per-arch .pkg assets (not single-asset github_tag). Token microsoft-powershell avoids the homebrew-core 'powershell' formula collision. Homepage https://github.com/PowerShell/PowerShell (200).
microsoft-skype-for-business	row	microsoft-skype-for-business | Microsoft Skype for Business | Enterprise instant messaging and online meeting client | pkg | msft_cdn | https://learn.microsoft.com/en-us/skypeforbusiness/ | short=https://go.microsoft.com/fwlink/?linkid=832978;regex=SkypeForBusinessUpdater-(\d+(?:\.\d+)+)\.pkg	med	fwlink 832978 still resolves (302) to a live versioned pkg (verified 200, application/octet-stream): https://res.public.onecdn.static.microsoft/mro1cdnstorage/C1297A47-86C4-4C1F-97FA-950631F94777/MacAutoupdate/SkypeForBusinessUpdater-16.30.32.pkg . Version 16.30.32. Livecheck :header_match on the fwlink. CAVEAT: product is end-of-life and the pkg is the MAU 'Updater' package (not a full standalone installer) - flagged but a real versioned pkg verifiably downloads. verified: derived from CDN host res.public.onecdn.static.microsoft/. Homepage learn.microsoft.com/skypeforbusiness (200). Note: existing 'skype-for-business' cask is a different/older token; microsoft-skype-for-business is free.
network-share-mounter	row	network-share-mounter | Network Share Mounter | Mounts network shares automatically using stored credentials | pkg | direct | https://gitlab.rrze.fau.de/faumac/networkShareMounter | url=https://gitlab.rrze.fau.de/api/v4/projects/506/packages/generic/networksharemounter/release-{v}/NetworkShareMounter-{v}.pkg;vers=https://gitlab.rrze.fau.de/api/v4/projects/506/releases;vregex=release-([0-9]+(?:\.[0-9]+)+)	high	Verified live 200 (application/octet-stream): https://gitlab.rrze.fau.de/api/v4/projects/506/packages/generic/networksharemounter/release-4.1.0/NetworkShareMounter-4.1.0.pkg . Version 4.1.0 from GitLab releases API (release-4.1.0). vregex tested -> matches release-4.1.0. Download host = homepage host (gitlab.rrze.fau.de) so NO verified:. pkg receipt de.fau.rrze.NetworkShareMounter (team C8F68RFW4L). Homepage gitlab.rrze.fau.de/faumac/networkShareMounter (200).
nodejs	row	nodejs | Node.js | JavaScript runtime built on the V8 engine | pkg | direct | https://nodejs.org | url=https://nodejs.org/dist/v{v}/node-v{v}.pkg;vers=https://nodejs.org/dist/latest/;vregex=node-v([0-9]+(?:\.[0-9]+)+)\.pkg	high	Verified live 200 (application/x-xar = pkg): https://nodejs.org/dist/v26.3.0/node-v26.3.0.pkg . Current (latest) channel = v26.3.0 (matches Installomator /dist/latest/ expression). vers page https://nodejs.org/dist/latest/ always lists node-vX.Y.Z.pkg; vregex captures 26.3.0. {v} interpolated twice (dir + filename). Download host = homepage host (nodejs.org) so no verified:. (LTS is v24.16.0 but source expression tracks Current.) Homepage nodejs.org (200). Token nodejs avoids homebrew-core 'node' formula.
nvivo-14	custom		high	Unversioned alias https://download.qsrinternational.com/Software/NVivo14forMac/NVivo.dmg 302-redirects to versioned https://download.qsrinternational.com/Software/NVivo14forMac/14.24.0.52/NVivo14.dmg (verified 200, application/octet-stream, 736MB). Current 14.24.0.52. Livecheck must be :header_match on the unversioned alias (regex captures version from Location path) - direct source uses :page_match (no HTML version page exists), so custom. AutoPkg jazzace recipe confirms version is only knowable from the binary/redirect. All Lumivero/qsrinternational homepages 403 brew (Akamai) - reachable sub-page needed (e.g. https://help-nv.qsrinternational.com also 403; use a 200 page at author time). Paid product but the .dmg is a public unauthenticated download.
nvivo-15	custom		high	Unversioned alias https://download.qsrinternational.com/Software/NVivo15forMac/NVivo15.dmg 302-redirects to versioned https://download.qsrinternational.com/Software/NVivo15forMac/15.5.0.215/NVivo15.dmg (verified 200, application/octet-stream, 720MB). Current 15.5.0.215. Livecheck must be :header_match on the unversioned alias (direct source's :page_match cannot read the redirect Location; no HTML version page), so custom. bundle id com.lumivero.nvivo-15 (team 8F4S7H8S59). Lumivero/qsrinternational homepages 403 brew (Akamai) - pick a 200 sub-page at author time. Public unauthenticated .dmg.
onscreen-control	review		low	REVIEW: broken. Installomator label 'onscreencontrol' is flagged broken (issue #1881: vendor changed installer/website). The Mac path https://lmu.lge.com/ExternalService/onscreencontrol/mac/2.0/ returns NotAllowedPage; every probed filename (OnScreenControl_2.0x.zip etc.) returns content-length 15, content-type text/html (soft-404). No verifiable Mac download exists. (Win path serves OnScreenControl_6.82.zip, but no working Mac equivalent.)
particulars	row	particulars | Particulars | Displays detailed hardware and system information in the menu bar | pkg | direct | https://particulars.app | url=https://particulars.app/_downloads/Particulars-{v}.pkg;version=68.485	med	'Particulars-latest.pkg' 302-redirects to https://particulars.app/_downloads/Particulars-68.485.pkg (verified 200, 5MB; then proxies to gitlab.com package_files). Current version 68.485 (note: vendor uses build-style version 68.485). No HTML version page found, so static version=68.485 (audit may want a livecheck; release source is gitlab.com/fraserhess/particulars). Download host = homepage host (particulars.app) so no verified:. pkg receipt net.glencode.Particulars (team 2Z25XDNP2X). Homepage particulars.app (200).
plantronics-hub	review		high	REVIEW: discontinued. https://www.poly.com/content/dam/www/software/PlantronicsHubInstaller.dmg now 301-redirects to https://www.hp.com/us-en/poly.html (HTML page, not a dmg) following the Poly->HP migration. No versioned .dmg is served; the installer download has been removed. Plantronics Hub is being retired in favor of Poly Lens.
poll-everywhere	row	poll-everywhere | Poll Everywhere | Live audience response and interactive polling client | dmg | direct | https://www.polleverywhere.com | url=https://polleverywhere-app.s3.amazonaws.com/mac-stable/{v}/pollev.dmg;vers=https://www.polleverywhere.com/app/releases/mac;vregex=[0-9]+(\.[0-9]+)+	high	Verified live 200 (application/octet-stream): https://polleverywhere-app.s3.amazonaws.com/mac-stable/4.0.1/pollev.dmg . Version 4.0.1 (version is in the URL path, not filename). vers page https://www.polleverywhere.com/app/releases/mac has <h3>4.0.1</h3> as the newest entry; vregex [0-9]+(\.[0-9]+)+ -> 4.0.1 (first match). Download host (polleverywhere-app.s3.amazonaws.com) != homepage host -> verified: polleverywhere-app.s3.amazonaws.com/ auto-added. Homepage polleverywhere.com (200).
projectplace	review		med	REVIEW: unversioned, no livecheck. https://service.projectplace.com/client_apps/desktop/Projectplace-for-mac.dmg serves directly (200, 14MB) with NO redirect, NO version in URL/content-disposition. Installomator entry has empty appNewVersion (no version detection). No public appcast/version feed found (Planview ProjectPlace). Cannot derive a versioned URL or a livecheck source -> not cleanly cask-able.
rhino-7	review		high	REVIEW: paid, gated. Rhino is commercial (McNeel). No public unauthenticated versioned .dmg URL: rhino3d.com download flow (/download/rhino-for-mac/7|8/...) redirects to the evaluation page which requires joining/logging into the McNeel community; files.mcneel.com and dujour API probes all 404. Sparkle in-app updater feed is not publicly resolvable to a download. Only a login-gated 90-day eval exists. (Rhino 7 Mac latest ~7.x; no verifiable public URL.)
rhino-8	review		high	REVIEW: paid, gated. Same as rhino-7: commercial McNeel app, download behind community-login/evaluation gate (rhino3d.com/download/rhino-for-mac/8/latest -> .../evaluation/, login required). Latest eval 8.31.26126.13432 (2026-05-06, ~705MB) but no public unauthenticated versioned .dmg URL; files.mcneel.com/dujour probes 404. No verifiable public download.
screencloud-player	row	screencloud-player | ScreenCloud Player | Displays digital signage content on connected screens | dmg | electron | https://screencloud.com/download | feed=https://release.screen.cloud/player/desktop/channel/stable/latest-mac.yml;arm=scplayer_{v}_darwin_arm64;intel=scplayer_{v}_darwin_x64	high	Electron-builder feed verified: https://release.screen.cloud/player/desktop/channel/stable/latest-mac.yml -> version 3.12.0, files scplayer_3.12.0_darwin_arm64.dmg + scplayer_3.12.0_darwin_x64.dmg. Both verified live 200 (application/x-apple-diskimage). Livecheck :electron_builder. Arch-split dmg. Download host (release.screen.cloud) != homepage host -> verified added automatically by electron resolver if needed. team 3C4F953K6P. Homepage screencloud.com/download (200).
signiant-app	row	signiant-app | Signiant App | Accelerated large file transfer client for Media Shuttle | dmg | direct | https://help.signiant.com/media-shuttle/signiant-app/download-signiant-app | url=https://updates.signiant.com/signiant_app/Signiant_App_{v}.dmg;vers=https://updates.signiant.com/signiant_app/signiant-app-info-mac.json;vregex=Signiant_App_([0-9]+(?:\.[0-9]+)+)\.dmg	high	Verified live 200 (application/x-apple-diskimage, 29MB): https://updates.signiant.com/signiant_app/Signiant_App_1.5.1818.dmg . JSON feed signiant-app-info-mac.json gives file=Signiant_App_1.5.1818.dmg (osx version 1.5.1818.19ab9e18). version=1.5.1818. vregex anchored to filename in the JSON (avoids the git-hash-suffixed version field). Download host (updates.signiant.com) != homepage host -> verified: updates.signiant.com/ auto-added. Homepage www.signiant.com 403s brew; used help.signiant.com download page (200). team U6ZZ4QLU4Q.
sketchup-viewer	ineligible		high	"SketchUp Viewer for Desktop discontinued; ""Beginning April 22, 2025, SketchUp Viewer for Desktop will no longer be available to download"" (help.sketchup.com/en/sketchup-viewer/sketchup-viewer-desktop). No public macOS dmg exists anymore; Installomator scrape now returns nothing. Reason: discontinued."
soundly	review		low	Only an unversioned always-latest dmg: https://storage.googleapis.com/soundlyapp/Soundly.dmg (HTTP 200, app/x-apple-diskimage, last-modified 2026-06-05). No public version feed/appcast (storage.googleapis.com/soundlyapp/*.xml and getsoundly version endpoints 403/404). Calendar version only on 3rd-party trackers (macupdater: 2025.12.23). No versioned URL + no livecheck. Reason: unversioned.
splashtop-sos	review		low	"Only an unversioned always-latest dmg: https://download.splashtop.com/sos/SplashtopSOS.dmg (HTTP 200). Splashtop docs state the link ""will always download the latest version""; no per-version URL. Latest noted v3.8.0.7 (support article, Apr 2026) but no machine-readable version feed. On-demand attended-support tool. Reason: unversioned."
strongdm	custom		high	"Universal dmg. Stable alias https://app.strongdm.com/downloads/client/darwin 307-redirects to https://downloads.strongdm.com/builds/desktop/23.74.0/darwin-universal-full/AE48C598EF267EBBAE9EC238113422A66DD0846E/SDM-23.74.0.dmg (HTTP 200; content-disposition filename=""SDM-23.74.0.dmg""). Version 23.74.0. Real URL contains a per-build hash segment (not derivable from version) so no stable versioned url template; custom. Livecheck: :header_match on the alias, regex SDM-(\d+(?:\.\d+)+)\.dmg. homepage https://www.strongdm.com (200). artifact=dmg, universal."
surfdrive	review		med	"Gated. Installomator source page (servicedesk.surf.nl/wiki/.../74225443) is login-only (Confluence REST returns authorized:false / 404). SURF's public ""Getting the Nextcloud desktop app"" page (205193802) now directs users to the generic Nextcloud desktop client (nextcloud.com / Mac App Store), not a SURF-branded pkg. arm64 client noted v5.3.2 (Feb 2025) but no public SURF-branded versioned pkg URL. Reason: gated."
synology-active-backup-for-business-agent	custom		high	pkgInDmg (nested pkg). Versioned dmg verified HTTP 200: https://global.download.synology.com/download/Utility/ActiveBackupBusinessAgent/3.2.0-5053/Mac/x86_64/Synology%20Active%20Backup%20for%20Business%20Agent-3.2.0-5053.dmg (also on global.synologydownload.com). Version 3.2.0-5053 (full version used in both path and filename). Livecheck: :page_match on https://archive.synology.com/download/Utility/ActiveBackupBusinessAgent (latest dir, regex >([\d.-]+)<). Custom because pkgInDmg (inner pkg name resolved on-Mac after mounting) and the cask-master direct writer can't reference the inner pkg. artifact=pkg (nested). receipt hint com.synology.activebackup-agent. homepage https://www.synology.com/en-global/dsm/feature/active_backup_business (200).
synology-drive-client	custom		high	"pkgInDmg (nested pkg). Versioned dmg verified HTTP 200: https://global.download.synology.com/download/Utility/SynologyDriveClient/4.0.3-17892/Mac/Installer/synology-drive-client-17892.dmg (also on global.synologydownload.com). Version 4.0.3-17892 -> version.csv ""4.0.3,17892"": URL path uses full ""4.0.3-17892"" but FILENAME uses only build ""17892"" (synology-drive-client-17892.dmg), so a single {v} cannot map both -> custom. Livecheck: :page_match on https://archive.synology.com/download/Utility/SynologyDriveClient. artifact=pkg (nested; inner pkg name resolved on-Mac). homepage https://www.synology.com/en-global/dsm/feature/drive (200)."
teamwire	custom		high	Arch-split non-electron dmgs. https://desktop.teamwire.eu/download.php?platform=darwinArm64 302->https://desktop.teamwire.eu/dist/v4.7.2/teamwire-4.7.2-mac-arm64.dmg ; platform=darwin 302->https://desktop.teamwire.eu/dist/v4.7.2/teamwire-4.7.2-mac-x64.dmg . Version 4.7.2. Stable versioned url template: https://desktop.teamwire.eu/dist/v#{version}/teamwire-#{version}-mac-arm64.dmg and -mac-x64.dmg. Custom because arch-split (arm64/x64 separate dmgs) -> needs arch arm:/intel: mapping. Livecheck: :header_match on the download.php redirect, regex dist/v(\d+(?:\.\d+)+)/. receipt eu.teamwire.app. homepage https://www.teamwire.eu (200).
things	row	things | Things | Personal task manager and to-do list organizer | zip | direct | https://culturedcode.com/things/ | url=https://static.culturedcode.com/things/Things3.zip;vers=https://culturedcode.com/things/mac/help/releasenotes/;vregex=[0-9]+(\.[0-9]+)+	high	"Verified live: https://culturedcode.com/things/download/ 302->https://static.culturedcode.com/things/Things3.zip (HTTP 200, application/zip, magic PK\x03\x04). Version 3.22.11 read from release-notes page (first [0-9]+(\.[0-9]+)+ match = 3.22.11; ""Things for Mac 3.22.11""). URL unversioned but version concrete + page_match livecheck. Download host static.culturedcode.com != homepage host -> verified: auto-added. No existing 'things' cask (formulae.brew.sh + repo both 404; only thingsmacsandboxhelper exists)."
trint	custom		high	Arch-split zips via electron-style RELEASES.json feed (not latest-mac.yml). arm64: https://desktopapp.trint.com/updates/darwin/arm64/Trint-darwin-arm64-0.1.22.zip ; x64: https://desktopapp.trint.com/updates/darwin/x64/Trint-darwin-x64-0.1.22.zip (both HTTP 200). Version 0.1.22 (currentRelease in both RELEASES.json). Custom: arch-split + .zip + JSON feed don't fit the electron source (which forces .dmg + latest-mac.yml). Livecheck: :json on https://desktopapp.trint.com/updates/darwin/arm64/RELEASES.json field currentRelease. artifact=zip. homepage https://trint.com (200).
ultracompare	review		low	"Only an unversioned dmg https://downloads.ultraedit.com/main/uc/mac/UltraCompare.dmg (HTTP 200 but last-modified 2024-05-15, stale; no content-disposition version). Versioned dmg patterns (UltraCompare-27.7.dmg etc.) all 404. Version scheme ambiguous across sources (Mac changelog shows 27.7; vendor ""UE 2025.0""). No reliable versioned URL or machine-readable livecheck. Reason: unversioned."
universal-type-client	custom		high	pkgInZip (nested pkg). Verified live: https://bin.extensis.com/UTC-7-0-13-M.zip (HTTP 200, zip), linked from https://www.extensis.com/support/universal-type-server-7/ . Version 7.0.13 -> URL uses DASH form UTC-7-0-13-M.zip (dots replaced by dashes), so a plain {v} (dotted) cannot map -> custom. Livecheck: :page_match on the support page, regex UTC-(\d+(?:-\d+)+)-M\.zip then convert dashes->dots. artifact=zip (nested pkgInZip; inner pkg resolved on-Mac). homepage https://www.extensis.com (200).
visualz	custom		high	Arch-split GitHub release dmgs (v3.0.9, repo madchops1/visualz-releases): Visualz-3.0.9-arm64.dmg and Visualz-3.0.9-x64.dmg (arm64 dmg verified HTTP 200 via release-assets redirect). Stable url template: https://github.com/madchops1/visualz-releases/releases/download/v#{version}/Visualz-#{version}-arm64.dmg (and -x64.dmg). Custom: arch-split GitHub (arm/intel separate dmgs) -> arch arm:/intel: mapping. Livecheck: :github_latest (regex on tag, strip leading v). artifact=dmg. homepage https://github.com/madchops1/visualz-releases (200).
vivi	custom		high	Plain pkg via stable redirect: https://api.vivi.io/mac 302->https://downloads.vivi.io/app/Vivi-3.10.5.pkg (HTTP 200, octet-stream). Version 3.10.5. Clean versioned url template https://downloads.vivi.io/app/Vivi-#{version}.pkg . Custom because the natural livecheck is :header_match on https://api.vivi.io/mac (regex Vivi-(\d+(?:\.\d+)+)\.pkg) which the cask-master direct source can't express (it only does page_match); direct host downloads.vivi.io != homepage so verified: downloads.vivi.io/ needed. receipt au.com.viviaustralia.mac. artifact=pkg. homepage https://vivi.io (200).
vonage-business	row	vonage-business | Vonage Business | Calling, messaging, and meetings for unified communications | dmg | electron | https://businesssupport.vonage.com/ | feed=https://s3.amazonaws.com/vbcdesktop.vonage.com/prod/mac/latest-mac.yml;universal=Vonage Business-{v}-universal	high	"Electron latest-mac.yml verified: version 2.26.3, universal dmg ""Vonage Business-2.26.3-universal.dmg"" verified HTTP 200 (application/x-apple-diskimage) at https://s3.amazonaws.com/vbcdesktop.vonage.com/prod/mac/ . Livecheck :electron_builder on the yml. Note: download host s3.amazonaws.com differs from homepage -> audit may want verified: ""s3.amazonaws.com/vbcdesktop.vonage.com/""; add on DRYRUN if flagged. homepage businesssupport.vonage.com (200; www.vonage.com 403s brew). artifact=dmg, universal."
windsurf	custom		high	"Arch-split via JSON update API (app rebranded ""Devin"", token windsurf). arm64: https://windsurf-stable.codeium.com/api/update/darwin-arm64-dmg/stable/latest -> url https://windsurf-stable.codeiumdata.com/darwin-arm64-dmg/stable/<HASH>/Devin-darwin-arm64-3.0.28.dmg ; x64 analogous (Devin-darwin-x64-3.0.28.dmg). Version 3.0.28 (windsurfVersion/displayName); productVersion 1.110.1. Custom: real dmg URL embeds a non-derivable commit-hash path segment so no stable versioned url template; arch-split. Livecheck: :json on the API endpoint, field windsurfVersion (or productVersion). artifact=dmg. homepage https://windsurf.com (200). No existing windsurf cask (404)."
workbrew	custom		med	Plain pkg, only public source is the stable redirect https://console.workbrew.com/downloads/macos 303->GitHub signed asset Workbrew-1.9.3.pkg (HTTP 200; content-disposition filename=Workbrew-1.9.3.pkg). Version 1.9.3. No public versioned URL: pkg is NOT attached to public GitHub releases (github.com/Workbrew/workbrew is 404/private) and the signed GitHub URL expires. Custom: url = the stable unversioned redirect; livecheck :header_match on it, regex Workbrew-(\d+(?:\.\d+)+)\.pkg . artifact=pkg. homepage https://workbrew.com (200). receipt resolved on-Mac.
xink	review		med	account-gated SaaS email-signature client; download https://downloads.xink.io/macos/pkg is unversioned and no public version page found
zerotier	review		high	duplicate of existing Homebrew cask zerotier-one (ZeroTier One)
zoho-workdrive-genie	review		med	"download confirmed (200, ~55MB) https://www.zoho.com/workdrive/downloads/edit-tool/Zoho_WorkDrive_Genie.dmg but unversioned ""latest"" with no public version source -> would need version :latest + sha256 :no_check (Homebrew discourages for new casks)"
